brand,event_month,cart,purchase,view,view_to_cart_rate,cart_to_purchase_rate,overall_conversion_rate
airnails,1.0,961,354,2400,0.40041666666666664,0.368366285119667,0.1475
airnails,2.0,905,287,2217,0.40820929183581417,0.31712707182320443,0.12945421741091565
airnails,10.0,1611,428,3299,0.488329796908154,0.26567349472377405,0.1297362837223401
airnails,11.0,1461,535,2958,0.49391480730223125,0.3661875427789186,0.18086544962812712
airnails,12.0,1050,362,2728,0.3848973607038123,0.34476190476190477,0.13269794721407624
almea,1.0,90,10,492,0.18292682926829268,0.1111111111111111,0.02032520325203252
almea,2.0,82,30,501,0.16367265469061876,0.36585365853658536,0.059880239520958084
almea,10.0,144,27,552,0.2608695652173913,0.1875,0.04891304347826087
almea,11.0,100,30,555,0.18018018018018017,0.3,0.05405405405405406
almea,12.0,74,28,427,0.17330210772833723,0.3783783783783784,0.06557377049180328
andrea,1.0,3,1,51,0.058823529411764705,0.3333333333333333,0.0196078431372549
andrea,2.0,1,0,48,0.020833333333333332,0.0,0.0
andrea,10.0,24,4,99,0.24242424242424243,0.16666666666666666,0.04040404040404041
andrea,11.0,7,0,62,0.11290322580645161,0.0,0.0
andrea,12.0,5,1,60,0.08333333333333333,0.2,0.016666666666666666
ardell,1.0,478,126,2179,0.21936668196420375,0.26359832635983266,0.0578246902248738
ardell,2.0,579,117,12226,0.04735808931784721,0.20207253886010362,0.009569769344020939
ardell,10.0,516,133,1580,0.3265822784810127,0.25775193798449614,0.08417721518987342
ardell,11.0,411,112,1547,0.2656755009696186,0.2725060827250608,0.07239819004524888
ardell,12.0,390,107,1788,0.2181208053691275,0.2743589743589744,0.059843400447427295
arganoil,1.0,16,3,88,0.18181818181818182,0.1875,0.03409090909090909
arganoil,2.0,16,1,60,0.26666666666666666,0.0625,0.016666666666666666
art-visage,1.0,2108,658,3387,0.6223796870386773,0.31214421252371916,0.1942722173014467
art-visage,2.0,2225,673,3656,0.6085886214442013,0.3024719101123596,0.18408096280087527
art-visage,10.0,1770,517,3356,0.5274135876042908,0.292090395480226,0.1540524433849821
art-visage,11.0,2292,808,3578,0.640581330352152,0.3525305410122164,0.22582448295136948
art-visage,12.0,1734,583,2811,0.6168623265741728,0.3362168396770473,0.20739950195659906
artex,1.0,860,271,1678,0.5125148986889154,0.31511627906976747,0.16150178784266986
artex,2.0,733,231,1479,0.495605138607167,0.3151432469304229,0.15618661257606492
artex,10.0,740,221,1283,0.5767731878409976,0.29864864864864865,0.17225253312548713
artex,11.0,996,358,1697,0.5869180907483795,0.35943775100401604,0.21096051856216852
artex,12.0,617,192,1310,0.47099236641221376,0.31118314424635335,0.1465648854961832
aura,1.0,57,21,89,0.6404494382022472,0.3684210526315789,0.23595505617977527
aura,2.0,44,12,106,0.41509433962264153,0.2727272727272727,0.11320754716981132
aura,10.0,50,12,85,0.5882352941176471,0.24,0.1411764705882353
aura,11.0,60,18,88,0.6818181818181818,0.3,0.20454545454545456
aura,12.0,36,10,75,0.48,0.2777777777777778,0.13333333333333333
australis,1.0,0,0,25,0.0,0.0,0.0
australis,2.0,0,0,17,0.0,0.0,0.0
australis,10.0,0,0,28,0.0,0.0,0.0
australis,11.0,0,0,45,0.0,0.0,0.0
australis,12.0,0,0,33,0.0,0.0,0.0
avene,1.0,94,19,477,0.1970649895178197,0.20212765957446807,0.039832285115303984
avene,2.0,121,21,959,0.1261730969760167,0.17355371900826447,0.021897810218978103
avene,12.0,27,6,98,0.2755102040816326,0.2222222222222222,0.061224489795918366
babyliss,1.0,77,10,1396,0.05515759312320917,0.12987012987012986,0.0071633237822349575
babyliss,2.0,91,22,1385,0.06570397111913358,0.24175824175824176,0.01588447653429603
babyliss,12.0,61,7,655,0.09312977099236641,0.11475409836065574,0.010687022900763359
balbcare,1.0,138,49,434,0.31797235023041476,0.35507246376811596,0.11290322580645161
balbcare,2.0,130,44,479,0.27139874739039666,0.3384615384615385,0.0918580375782881
balbcare,10.0,103,34,346,0.2976878612716763,0.3300970873786408,0.09826589595375723
balbcare,11.0,150,52,474,0.31645569620253167,0.3466666666666667,0.10970464135021098
balbcare,12.0,139,63,465,0.2989247311827957,0.45323741007194246,0.13548387096774195
barbie,2.0,0,0,1,0.0,0.0,0.0
barbie,10.0,4,0,7,0.5714285714285714,0.0,0.0
barbie,11.0,10,2,10,1.0,0.2,0.2
barbie,12.0,1,1,3,0.3333333333333333,1.0,0.3333333333333333
barex,1.0,84,22,390,0.2153846153846154,0.2619047619047619,0.05641025641025641
barex,2.0,94,24,453,0.20750551876379691,0.2553191489361702,0.052980132450331126
barex,12.0,72,24,323,0.22291021671826625,0.3333333333333333,0.07430340557275542
batiste,1.0,146,59,261,0.5593869731800766,0.4041095890410959,0.2260536398467433
batiste,2.0,174,54,277,0.628158844765343,0.3103448275862069,0.19494584837545126
batiste,10.0,170,60,298,0.5704697986577181,0.35294117647058826,0.20134228187919462
batiste,11.0,217,79,340,0.638235294117647,0.3640552995391705,0.2323529411764706
batiste,12.0,118,46,275,0.4290909090909091,0.3898305084745763,0.16727272727272727
beautific,1.0,100,18,814,0.12285012285012285,0.18,0.022113022113022112
beautific,2.0,55,11,534,0.10299625468164794,0.2,0.020599250936329586
beautific,12.0,23,3,115,0.2,0.13043478260869565,0.02608695652173913
beautix,1.0,1459,442,3357,0.43461423890378315,0.3029472241261138,0.13166517724158475
beautix,2.0,1548,434,3411,0.45382585751978893,0.28036175710594313,0.12723541483435943
beautix,10.0,1633,385,3545,0.46064880112834977,0.23576240048989588,0.10860366713681241
beautix,11.0,1405,468,3435,0.4090247452692867,0.3330960854092527,0.13624454148471615
beautix,12.0,1028,326,2561,0.4014057008980867,0.31712062256809337,0.12729402577118312
beauty-free,1.0,564,111,1099,0.5131938125568699,0.19680851063829788,0.10100090991810737
beauty-free,2.0,500,121,1006,0.4970178926441352,0.242,0.12027833001988071
beauty-free,10.0,808,124,1212,0.6666666666666666,0.15346534653465346,0.10231023102310231
beauty-free,11.0,886,214,1609,0.550652579241765,0.24153498871331827,0.13300186451211932
beauty-free,12.0,344,96,718,0.479108635097493,0.27906976744186046,0.13370473537604458
beautyblender,1.0,17,6,171,0.09941520467836257,0.35294117647058826,0.03508771929824561
beautyblender,2.0,15,3,135,0.1111111111111111,0.2,0.022222222222222223
beautyblender,10.0,36,3,138,0.2608695652173913,0.08333333333333333,0.021739130434782608
beautyblender,11.0,23,5,147,0.1564625850340136,0.21739130434782608,0.034013605442176874
beautyblender,12.0,12,2,117,0.10256410256410256,0.16666666666666666,0.017094017094017096
beauugreen,1.0,56,16,189,0.2962962962962963,0.2857142857142857,0.08465608465608465
beauugreen,2.0,67,20,160,0.41875,0.29850746268656714,0.125
beauugreen,10.0,106,23,325,0.3261538461538461,0.2169811320754717,0.07076923076923076
beauugreen,11.0,128,40,386,0.3316062176165803,0.3125,0.10362694300518134
beauugreen,12.0,81,25,246,0.32926829268292684,0.30864197530864196,0.1016260162601626
benovy,1.0,1273,606,1271,1.001573564122738,0.4760408483896308,0.4767899291896145
benovy,2.0,1250,522,1485,0.8417508417508418,0.4176,0.3515151515151515
benovy,10.0,151,53,196,0.7704081632653061,0.3509933774834437,0.27040816326530615
benovy,11.0,863,410,811,1.064118372379778,0.47508690614136734,0.5055487053020962
benovy,12.0,753,340,734,1.0258855585831064,0.45152722443559096,0.46321525885558584
bergamo,1.0,43,12,115,0.3739130434782609,0.27906976744186046,0.10434782608695652
bergamo,2.0,36,9,115,0.3130434782608696,0.25,0.0782608695652174
bergamo,10.0,175,40,220,0.7954545454545454,0.22857142857142856,0.18181818181818182
bergamo,11.0,53,19,129,0.4108527131782946,0.3584905660377358,0.14728682170542637
bergamo,12.0,35,9,116,0.3017241379310345,0.2571428571428571,0.07758620689655173
bespecial,1.0,55,14,333,0.16516516516516516,0.2545454545454545,0.042042042042042045
bespecial,2.0,66,11,662,0.09969788519637462,0.16666666666666666,0.01661631419939577
bespecial,10.0,78,13,347,0.22478386167146974,0.16666666666666666,0.037463976945244955
bespecial,11.0,36,7,307,0.11726384364820847,0.19444444444444445,0.02280130293159609
bespecial,12.0,57,12,270,0.2111111111111111,0.21052631578947367,0.044444444444444446
bielenda,1.0,357,90,653,0.5467075038284839,0.25210084033613445,0.13782542113323124
bielenda,2.0,497,129,1176,0.4226190476190476,0.2595573440643863,0.1096938775510204
binacil,1.0,11,2,98,0.11224489795918367,0.18181818181818182,0.02040816326530612
binacil,2.0,27,3,81,0.3333333333333333,0.1111111111111111,0.037037037037037035
binacil,10.0,15,0,56,0.26785714285714285,0.0,0.0
binacil,11.0,5,3,66,0.07575757575757576,0.6,0.045454545454545456
binacil,12.0,10,3,59,0.1694915254237288,0.3,0.05084745762711865
bioaqua,1.0,572,146,2205,0.2594104308390023,0.25524475524475526,0.06621315192743764
bioaqua,2.0,688,165,2125,0.32376470588235295,0.23982558139534885,0.07764705882352942
bioaqua,10.0,777,122,2466,0.3150851581508516,0.15701415701415702,0.0494728304947283
bioaqua,11.0,657,183,2226,0.29514824797843664,0.2785388127853881,0.08221024258760108
bioaqua,12.0,564,153,2129,0.26491310474401125,0.2712765957446808,0.07186472522310944
bioderma,2.0,70,14,216,0.32407407407407407,0.2,0.06481481481481481
biofollica,1.0,57,23,397,0.14357682619647355,0.40350877192982454,0.05793450881612091
biofollica,2.0,65,21,370,0.17567567567567569,0.3230769230769231,0.05675675675675676
biofollica,10.0,54,15,198,0.2727272727272727,0.2777777777777778,0.07575757575757576
biofollica,11.0,54,17,285,0.18947368421052632,0.3148148148148148,0.05964912280701754
biofollica,12.0,39,14,263,0.1482889733840304,0.358974358974359,0.053231939163498096
biore,1.0,24,6,73,0.3287671232876712,0.25,0.0821917808219178
biore,2.0,19,6,59,0.3220338983050847,0.3157894736842105,0.1016949152542373
biore,10.0,54,5,130,0.4153846153846154,0.09259259259259259,0.038461538461538464
biore,11.0,35,6,102,0.3431372549019608,0.17142857142857143,0.058823529411764705
biore,12.0,26,3,58,0.4482758620689655,0.11538461538461539,0.05172413793103448
biorepair,1.0,28,10,302,0.09271523178807947,0.35714285714285715,0.033112582781456956
biorepair,2.0,35,9,293,0.11945392491467577,0.2571428571428571,0.030716723549488054
biorepair,12.0,35,6,146,0.23972602739726026,0.17142857142857143,0.0410958904109589
blise,1.0,0,0,12,0.0,0.0,0.0
blise,2.0,0,0,8,0.0,0.0,0.0
blise,10.0,0,0,13,0.0,0.0,0.0
blise,11.0,0,0,12,0.0,0.0,0.0
blise,12.0,0,0,8,0.0,0.0,0.0
blixz,1.0,90,21,234,0.38461538461538464,0.23333333333333334,0.08974358974358974
blixz,2.0,78,21,155,0.5032258064516129,0.2692307692307692,0.13548387096774195
blixz,10.0,162,19,266,0.6090225563909775,0.11728395061728394,0.07142857142857142
blixz,11.0,193,39,230,0.8391304347826087,0.20207253886010362,0.16956521739130434
blixz,12.0,82,15,195,0.4205128205128205,0.18292682926829268,0.07692307692307693
bluesky,1.0,3437,1023,7269,0.4728298252854588,0.2976432935699738,0.14073462649607923
bluesky,2.0,3210,949,6134,0.5233126834039779,0.2956386292834891,0.1547114444082165
bluesky,10.0,4289,1124,7605,0.5639710716633793,0.2620657495919795,0.1477975016436555
bluesky,11.0,3740,1316,7342,0.5093979842004903,0.3518716577540107,0.17924271315717788
bluesky,12.0,3289,947,6768,0.4859633569739953,0.28792946184250534,0.13992316784869976
bodipure,1.0,0,0,7,0.0,0.0,0.0
bodipure,2.0,0,0,9,0.0,0.0,0.0
bodipure,10.0,0,0,5,0.0,0.0,0.0
bodipure,11.0,0,0,4,0.0,0.0,0.0
bodipure,12.0,0,0,5,0.0,0.0,0.0
bodyton,1.0,435,134,1218,0.35714285714285715,0.3080459770114943,0.11001642036124795
bodyton,2.0,377,104,1192,0.3162751677852349,0.27586206896551724,0.087248322147651
bodyton,10.0,430,98,1101,0.3905540417801998,0.22790697674418606,0.08900999091734786
bodyton,11.0,381,109,1105,0.34479638009049773,0.28608923884514437,0.09864253393665158
bodyton,12.0,341,88,975,0.34974358974358977,0.25806451612903225,0.09025641025641026
bosnic,1.0,2,0,12,0.16666666666666666,0.0,0.0
bosnic,2.0,2,0,21,0.09523809523809523,0.0,0.0
bosnic,10.0,7,1,21,0.3333333333333333,0.14285714285714285,0.047619047619047616
bosnic,11.0,1,0,8,0.125,0.0,0.0
bosnic,12.0,0,0,9,0.0,0.0,0.0
bpw.style,1.0,4330,1633,7424,0.5832435344827587,0.3771362586605081,0.21996228448275862
bpw.style,2.0,4327,1524,6705,0.6453392990305742,0.3522070718742778,0.2272930648769575
bpw.style,10.0,7747,2689,11364,0.6817141851460753,0.34710210404027364,0.2366244280183034
bpw.style,11.0,9507,4058,12976,0.7326602959309494,0.426843378563164,0.31273119605425403
bpw.style,12.0,6108,2553,10509,0.5812161004852984,0.4179764243614931,0.24293462746217528
browxenna,1.0,1097,355,3923,0.2796329339790976,0.3236098450319052,0.09049197043079277
browxenna,2.0,1012,320,4065,0.24895448954489544,0.31620553359683795,0.07872078720787208
browxenna,10.0,1170,390,3764,0.3108395324123273,0.3333333333333333,0.10361317747077577
browxenna,11.0,1128,405,4168,0.2706333973128599,0.35904255319148937,0.09716890595009597
browxenna,12.0,910,334,3318,0.2742616033755274,0.367032967032967,0.10066305003013863
busch,1.0,2,0,36,0.05555555555555555,0.0,0.0
busch,2.0,5,0,46,0.10869565217391304,0.0,0.0
busch,10.0,1,0,16,0.0625,0.0,0.0
busch,11.0,0,0,17,0.0,0.0,0.0
busch,12.0,0,0,19,0.0,0.0,0.0
candy,1.0,0,0,4,0.0,0.0,0.0
candy,2.0,0,0,3,0.0,0.0,0.0
candy,10.0,333,82,534,0.6235955056179775,0.24624624624624625,0.15355805243445692
candy,11.0,529,122,678,0.7802359882005899,0.23062381852551986,0.17994100294985252
candy,12.0,41,6,45,0.9111111111111111,0.14634146341463414,0.13333333333333333
carmex,1.0,93,20,206,0.45145631067961167,0.21505376344086022,0.0970873786407767
carmex,2.0,64,21,202,0.31683168316831684,0.328125,0.10396039603960396
carmex,10.0,94,26,210,0.44761904761904764,0.2765957446808511,0.12380952380952381
carmex,11.0,108,43,201,0.5373134328358209,0.39814814814814814,0.21393034825870647
carmex,12.0,74,24,145,0.5103448275862069,0.32432432432432434,0.16551724137931034
cettua,2.0,93,23,93,1.0,0.24731182795698925,0.24731182795698925
chi,1.0,104,27,436,0.23853211009174313,0.25961538461538464,0.06192660550458716
chi,2.0,98,27,393,0.24936386768447838,0.2755102040816326,0.06870229007633588
chi,10.0,152,27,525,0.2895238095238095,0.17763157894736842,0.05142857142857143
chi,11.0,125,35,460,0.2717391304347826,0.28,0.07608695652173914
chi,12.0,112,29,422,0.26540284360189575,0.25892857142857145,0.06872037914691943
cnd,1.0,2173,596,8100,0.2682716049382716,0.2742751955821445,0.07358024691358024
cnd,2.0,1447,376,6025,0.24016597510373444,0.2598479612992398,0.062406639004149375
cnd,10.0,3342,926,9203,0.36314245354775615,0.2770795930580491,0.10061936325111377
cnd,11.0,3044,959,9806,0.3104221904956149,0.31504599211563733,0.09779726697940037
cnd,12.0,2080,653,7682,0.2707628221817235,0.3139423076923077,0.08500390523301224
coifin,1.0,53,21,544,0.0974264705882353,0.39622641509433965,0.03860294117647059
coifin,2.0,45,20,635,0.07086614173228346,0.4444444444444444,0.031496062992125984
coifin,10.0,49,15,466,0.10515021459227468,0.30612244897959184,0.032188841201716736
coifin,11.0,65,25,557,0.11669658886894076,0.38461538461538464,0.04488330341113106
coifin,12.0,81,39,640,0.1265625,0.48148148148148145,0.0609375
concept,1.0,3516,1094,13407,0.26225106287760125,0.3111490329920364,0.08159916461549936
concept,2.0,3528,1107,12575,0.28055666003976143,0.3137755102040816,0.08803180914512923
concept,10.0,4022,1150,14113,0.2849854743853185,0.28592739930382893,0.08148515553036208
concept,11.0,4393,1512,14363,0.30585532270417043,0.34418392897791944,0.10527048666713082
concept,12.0,3301,1059,12646,0.2610311560967895,0.32081187518933657,0.08374189467025146
consly,1.0,107,24,227,0.4713656387665198,0.22429906542056074,0.10572687224669604
consly,2.0,114,37,222,0.5135135135135135,0.32456140350877194,0.16666666666666666
consly,10.0,109,28,194,0.5618556701030928,0.25688073394495414,0.14432989690721648
consly,11.0,103,26,219,0.4703196347031963,0.2524271844660194,0.1187214611872146
consly,12.0,78,19,158,0.4936708860759494,0.24358974358974358,0.12025316455696203
coocla,1.0,117,24,387,0.3023255813953488,0.20512820512820512,0.06201550387596899
coocla,2.0,98,22,337,0.29080118694362017,0.22448979591836735,0.06528189910979229
coocla,10.0,235,28,523,0.44933078393881454,0.11914893617021277,0.05353728489483748
coocla,11.0,129,24,373,0.34584450402144773,0.18604651162790697,0.064343163538874
coocla,12.0,90,23,338,0.26627218934911245,0.25555555555555554,0.06804733727810651
cosima,1.0,12,6,16,0.75,0.5,0.375
cosima,2.0,32,10,20,1.6,0.3125,0.5
cosima,10.0,35,11,21,1.6666666666666667,0.3142857142857143,0.5238095238095238
cosima,11.0,27,10,23,1.173913043478261,0.37037037037037035,0.43478260869565216
cosima,12.0,18,3,15,1.2,0.16666666666666666,0.2
cosmoprofi,1.0,2826,969,6269,0.4507895996171638,0.34288747346072185,0.1545701068750997
cosmoprofi,2.0,2497,831,5538,0.45088479595521846,0.3327993592310773,0.15005417118093176
cosmoprofi,10.0,2494,642,4511,0.5528707603635558,0.2574178027265437,0.14231877632454001
cosmoprofi,11.0,2797,1112,5321,0.5256530727306897,0.39756882373972113,0.20898327382071039
cosmoprofi,12.0,1993,610,5019,0.3970910539948197,0.30607124937280483,0.12153815501095835
coxir,1.0,26,5,257,0.10116731517509728,0.19230769230769232,0.019455252918287938
coxir,2.0,32,4,239,0.13389121338912133,0.125,0.016736401673640166
coxir,10.0,79,8,228,0.34649122807017546,0.10126582278481013,0.03508771929824561
coxir,11.0,28,6,176,0.1590909090909091,0.21428571428571427,0.03409090909090909
coxir,12.0,19,3,198,0.09595959595959595,0.15789473684210525,0.015151515151515152
cristalinas,1.0,168,66,332,0.5060240963855421,0.39285714285714285,0.19879518072289157
cristalinas,2.0,133,34,339,0.39233038348082594,0.2556390977443609,0.10029498525073746
cristalinas,10.0,154,42,205,0.751219512195122,0.2727272727272727,0.2048780487804878
cristalinas,11.0,194,67,223,0.8699551569506726,0.34536082474226804,0.3004484304932735
cristalinas,12.0,190,60,280,0.6785714285714286,0.3157894736842105,0.21428571428571427
cruset,1.0,21,8,83,0.25301204819277107,0.38095238095238093,0.0963855421686747
cruset,2.0,32,8,81,0.3950617283950617,0.25,0.09876543209876543
cruset,10.0,65,6,168,0.3869047619047619,0.09230769230769231,0.03571428571428571
cruset,11.0,32,8,122,0.26229508196721313,0.25,0.06557377049180328
cruset,12.0,17,4,79,0.21518987341772153,0.23529411764705882,0.05063291139240506
cuccio,1.0,0,0,5,0.0,0.0,0.0
cuccio,2.0,0,0,4,0.0,0.0,0.0
cuccio,10.0,0,0,5,0.0,0.0,0.0
cuccio,11.0,0,0,4,0.0,0.0,0.0
cuccio,12.0,0,0,5,0.0,0.0,0.0
cutrin,1.0,73,19,293,0.24914675767918087,0.2602739726027397,0.06484641638225255
cutrin,2.0,81,23,425,0.19058823529411764,0.2839506172839506,0.05411764705882353
cutrin,10.0,126,18,390,0.3230769230769231,0.14285714285714285,0.046153846153846156
cutrin,11.0,114,27,381,0.2992125984251969,0.23684210526315788,0.07086614173228346
cutrin,12.0,90,27,352,0.2556818181818182,0.3,0.07670454545454546
dancoly,2.0,9,0,56,0.16071428571428573,0.0,0.0
dartnails,1.0,80,22,202,0.39603960396039606,0.275,0.10891089108910891
dartnails,2.0,82,23,138,0.5942028985507246,0.2804878048780488,0.16666666666666666
dartnails,12.0,1282,385,1596,0.8032581453634086,0.3003120124804992,0.2412280701754386
de.lux,1.0,1590,531,2063,0.7707222491517208,0.3339622641509434,0.2573921473582162
de.lux,2.0,1591,564,1756,0.9060364464692483,0.35449402891263354,0.3211845102505695
de.lux,10.0,2628,788,3458,0.7599768652400232,0.2998477929984779,0.2278773857721226
de.lux,11.0,3204,1320,4013,0.7984051831547471,0.41198501872659177,0.3289309743334164
de.lux,12.0,1804,724,2920,0.6178082191780822,0.401330376940133,0.24794520547945206
deoproce,1.0,103,25,383,0.2689295039164491,0.24271844660194175,0.06527415143603134
deoproce,2.0,95,26,370,0.25675675675675674,0.2736842105263158,0.07027027027027027
deoproce,10.0,179,28,385,0.4649350649350649,0.1564245810055866,0.07272727272727272
deoproce,11.0,104,32,338,0.3076923076923077,0.3076923076923077,0.09467455621301775
deoproce,12.0,100,26,342,0.29239766081871343,0.26,0.07602339181286549
depilflax,1.0,779,297,1613,0.4829510229386237,0.38125802310654683,0.18412895226286422
depilflax,2.0,842,288,1748,0.4816933638443936,0.342042755344418,0.16475972540045766
depilflax,10.0,883,333,1689,0.5227945529899348,0.37712344280860705,0.19715808170515098
depilflax,11.0,796,318,1490,0.5342281879194631,0.39949748743718594,0.2134228187919463
depilflax,12.0,611,235,1235,0.49473684210526314,0.38461538461538464,0.1902834008097166
dermacol,1.0,251,60,5079,0.049419177003347116,0.23904382470119523,0.011813349084465446
dermacol,2.0,258,65,1739,0.14836112708453134,0.25193798449612403,0.03737780333525014
dermacol,10.0,0,0,13,0.0,0.0,0.0
dermacol,11.0,0,0,7,0.0,0.0,0.0
dermacol,12.0,25,6,87,0.28735632183908044,0.24,0.06896551724137931
dermal,1.0,209,74,233,0.8969957081545065,0.35406698564593303,0.31759656652360513
dermal,2.0,269,104,218,1.2339449541284404,0.38661710037174724,0.47706422018348627
dermal,10.0,428,115,291,1.470790378006873,0.26869158878504673,0.3951890034364261
dermal,11.0,262,96,175,1.497142857142857,0.366412213740458,0.5485714285714286
dermal,12.0,202,61,158,1.2784810126582278,0.30198019801980197,0.3860759493670886
dessata,1.0,0,0,1,0.0,0.0,0.0
dessata,10.0,0,0,2,0.0,0.0,0.0
dessata,11.0,0,0,2,0.0,0.0,0.0
dessata,12.0,0,0,1,0.0,0.0,0.0
dewal,1.0,989,351,3189,0.3101285669488868,0.35490394337714865,0.11006585136406397
dewal,2.0,1203,431,3794,0.31707959936742225,0.35827098919368244,0.1136004217185029
dewal,11.0,20,5,36,0.5555555555555556,0.25,0.1388888888888889
dewal,12.0,967,299,2571,0.37611824192921045,0.30920372285418823,0.11629716063788409
dizao,1.0,736,272,985,0.7472081218274111,0.3695652173913043,0.27614213197969545
dizao,2.0,620,219,893,0.6942889137737962,0.3532258064516129,0.24524076147816348
dizao,10.0,733,237,940,0.7797872340425532,0.32332878581173263,0.2521276595744681
dizao,11.0,838,316,1032,0.812015503875969,0.37708830548926014,0.3062015503875969
dizao,12.0,666,256,927,0.7184466019417476,0.3843843843843844,0.2761596548004315
dobrovit,2.0,27,7,83,0.3253012048192771,0.25925925925925924,0.08433734939759036
domix,1.0,5267,2073,8267,0.637111406798113,0.3935826846402126,0.25075601790250396
domix,2.0,3935,1468,6990,0.5629470672389127,0.3730622617534943,0.2100143061516452
domix,10.0,5528,2084,8266,0.6687636099685459,0.37698986975397974,0.2521171062182434
domix,11.0,5733,2392,9167,0.6253954401658122,0.41723356009070295,0.260935965964874
domix,12.0,4043,1586,6841,0.5909954684987575,0.39228295819935693,0.23183745066510744
dorena,1.0,9,3,100,0.09,0.3333333333333333,0.03
dorena,2.0,10,0,102,0.09803921568627451,0.0,0.0
dorena,10.0,40,1,137,0.291970802919708,0.025,0.0072992700729927005
dorena,11.0,8,0,122,0.06557377049180328,0.0,0.0
dorena,12.0,6,1,86,0.06976744186046512,0.16666666666666666,0.011627906976744186
dr.gloderm,1.0,51,8,222,0.22972972972972974,0.1568627450980392,0.036036036036036036
dr.gloderm,2.0,46,8,185,0.24864864864864866,0.17391304347826086,0.043243243243243246
dr.gloderm,10.0,86,9,224,0.38392857142857145,0.10465116279069768,0.04017857142857143
dr.gloderm,11.0,23,3,121,0.19008264462809918,0.13043478260869565,0.024793388429752067
dr.gloderm,12.0,17,4,107,0.1588785046728972,0.23529411764705882,0.037383177570093455
ecocraft,1.0,57,17,213,0.2676056338028169,0.2982456140350877,0.07981220657276995
ecocraft,2.0,39,7,137,0.2846715328467153,0.1794871794871795,0.051094890510948905
ecocraft,10.0,1,1,9,0.1111111111111111,1.0,0.1111111111111111
ecocraft,11.0,94,30,369,0.25474254742547425,0.3191489361702128,0.08130081300813008
ecocraft,12.0,58,16,199,0.2914572864321608,0.27586206896551724,0.08040201005025126
ecolab,1.0,493,141,1005,0.490547263681592,0.28600405679513186,0.14029850746268657
ecolab,2.0,460,133,875,0.5257142857142857,0.2891304347826087,0.152
ecolab,10.0,288,41,488,0.5901639344262295,0.1423611111111111,0.08401639344262295
ecolab,11.0,906,240,1494,0.606425702811245,0.26490066225165565,0.1606425702811245
ecolab,12.0,470,160,982,0.4786150712830957,0.3404255319148936,0.1629327902240326
egomania,1.0,14,4,84,0.16666666666666666,0.2857142857142857,0.047619047619047616
egomania,2.0,22,3,101,0.21782178217821782,0.13636363636363635,0.0297029702970297
egomania,10.0,75,4,173,0.43352601156069365,0.05333333333333334,0.023121387283236993
egomania,11.0,25,9,126,0.1984126984126984,0.36,0.07142857142857142
egomania,12.0,13,1,85,0.15294117647058825,0.07692307692307693,0.011764705882352941
elizavecca,1.0,47,6,261,0.18007662835249041,0.1276595744680851,0.022988505747126436
elizavecca,2.0,34,3,130,0.26153846153846155,0.08823529411764706,0.023076923076923078
elizavecca,10.0,81,4,319,0.25391849529780564,0.04938271604938271,0.012539184952978056
elizavecca,11.0,58,9,329,0.1762917933130699,0.15517241379310345,0.02735562310030395
elizavecca,12.0,40,7,255,0.1568627450980392,0.175,0.027450980392156862
ellips,1.0,65,20,281,0.2313167259786477,0.3076923076923077,0.0711743772241993
ellips,2.0,75,26,329,0.22796352583586627,0.3466666666666667,0.0790273556231003
ellips,10.0,103,16,303,0.33993399339933994,0.1553398058252427,0.052805280528052806
ellips,11.0,92,37,302,0.304635761589404,0.40217391304347827,0.12251655629139073
ellips,12.0,65,29,227,0.28634361233480177,0.4461538461538462,0.1277533039647577
elskin,1.0,340,125,264,1.2878787878787878,0.36764705882352944,0.4734848484848485
elskin,2.0,347,124,268,1.294776119402985,0.3573487031700288,0.4626865671641791
elskin,10.0,335,108,272,1.2316176470588236,0.32238805970149254,0.39705882352941174
elskin,11.0,393,134,260,1.5115384615384615,0.34096692111959287,0.5153846153846153
elskin,12.0,286,110,241,1.1867219917012448,0.38461538461538464,0.45643153526970953
embryolisse,1.0,0,0,10,0.0,0.0,0.0
embryolisse,2.0,0,0,8,0.0,0.0,0.0
embryolisse,10.0,0,0,8,0.0,0.0,0.0
embryolisse,11.0,0,0,8,0.0,0.0,0.0
embryolisse,12.0,0,0,4,0.0,0.0,0.0
emil,1.0,403,166,2170,0.18571428571428572,0.4119106699751861,0.07649769585253456
emil,2.0,373,142,2073,0.1799324650265316,0.3806970509383378,0.06849975880366618
emil,10.0,354,121,1685,0.21008902077151334,0.3418079096045198,0.07181008902077152
emil,11.0,287,120,1830,0.15683060109289618,0.4181184668989547,0.06557377049180328
emil,12.0,241,87,1664,0.14483173076923078,0.36099585062240663,0.05228365384615385
enas,1.0,96,19,494,0.19433198380566802,0.19791666666666666,0.038461538461538464
enas,2.0,41,4,313,0.13099041533546327,0.0975609756097561,0.012779552715654952
enas,10.0,84,15,338,0.2485207100591716,0.17857142857142858,0.04437869822485207
enas,11.0,67,8,365,0.18356164383561643,0.11940298507462686,0.021917808219178082
enas,12.0,68,12,390,0.17435897435897435,0.17647058823529413,0.03076923076923077
enigma,1.0,113,22,290,0.3896551724137931,0.19469026548672566,0.07586206896551724
enigma,2.0,147,31,407,0.36117936117936117,0.2108843537414966,0.07616707616707617
enigma,10.0,107,31,317,0.33753943217665616,0.2897196261682243,0.09779179810725552
enigma,11.0,68,14,322,0.2111801242236025,0.20588235294117646,0.043478260869565216
enigma,12.0,217,51,475,0.4568421052631579,0.2350230414746544,0.10736842105263159
enjoy,1.0,25,6,117,0.21367521367521367,0.24,0.05128205128205128
enjoy,2.0,20,9,78,0.2564102564102564,0.45,0.11538461538461539
enjoy,10.0,43,5,120,0.35833333333333334,0.11627906976744186,0.041666666666666664
enjoy,11.0,37,17,163,0.22699386503067484,0.4594594594594595,0.10429447852760736
enjoy,12.0,20,4,106,0.18867924528301888,0.2,0.03773584905660377
entity,1.0,291,67,1208,0.24089403973509935,0.23024054982817868,0.055463576158940396
entity,2.0,271,78,934,0.29014989293361887,0.2878228782287823,0.0835117773019272
entity,10.0,1232,437,1711,0.7200467562828755,0.3547077922077922,0.255406195207481
entity,11.0,886,307,1912,0.46338912133891214,0.34650112866817157,0.16056485355648537
entity,12.0,262,67,1161,0.22566752799310938,0.25572519083969464,0.05770887166236004
eos,1.0,35,6,73,0.4794520547945205,0.17142857142857143,0.0821917808219178
eos,2.0,26,10,53,0.49056603773584906,0.38461538461538464,0.18867924528301888
eos,10.0,45,5,60,0.75,0.1111111111111111,0.08333333333333333
eos,11.0,48,15,114,0.42105263157894735,0.3125,0.13157894736842105
eos,12.0,19,8,47,0.40425531914893614,0.42105263157894735,0.1702127659574468
ermine,1.0,86,10,214,0.40186915887850466,0.11627906976744186,0.04672897196261682
ermine,2.0,44,5,145,0.30344827586206896,0.11363636363636363,0.034482758620689655
ermine,12.0,14,4,42,0.3333333333333333,0.2857142857142857,0.09523809523809523
esquire,1.0,2,2,8,0.25,1.0,0.25
esquire,2.0,3,2,7,0.42857142857142855,0.6666666666666666,0.2857142857142857
esquire,10.0,3,0,12,0.25,0.0,0.0
esquire,11.0,1,0,7,0.14285714285714285,0.0,0.0
esquire,12.0,0,0,5,0.0,0.0,0.0
essie,1.0,0,0,6,0.0,0.0,0.0
essie,2.0,0,0,3,0.0,0.0,0.0
essie,10.0,0,0,18,0.0,0.0,0.0
essie,11.0,0,0,9,0.0,0.0,0.0
essie,12.0,0,0,6,0.0,0.0,0.0
estel,1.0,6231,2123,21875,0.2848457142857143,0.3407157759589151,0.09705142857142857
estel,2.0,5950,1986,19845,0.2998236331569665,0.333781512605042,0.10007558578987151
estel,10.0,6296,1846,19205,0.3278312939338714,0.2932020330368488,0.09612080187451184
estel,11.0,5791,2030,17313,0.3344885346271588,0.35054394750474877,0.11725293132328309
estel,12.0,5837,2014,20946,0.27866895827365606,0.3450402604077437,0.09615200993029695
estelare,1.0,344,119,536,0.6417910447761194,0.34593023255813954,0.22201492537313433
estelare,2.0,324,107,506,0.6403162055335968,0.33024691358024694,0.21146245059288538
estelare,10.0,371,107,568,0.653169014084507,0.2884097035040431,0.18838028169014084
estelare,11.0,378,129,542,0.6974169741697417,0.3412698412698413,0.23800738007380073
estelare,12.0,307,98,478,0.6422594142259415,0.31921824104234525,0.20502092050209206
estrade,1.0,214,49,730,0.29315068493150687,0.22897196261682243,0.06712328767123288
estrade,2.0,232,49,778,0.2982005141388175,0.21120689655172414,0.06298200514138817
estrade,12.0,177,28,608,0.2911184210526316,0.15819209039548024,0.046052631578947366
eunyul,1.0,341,118,243,1.4032921810699588,0.3460410557184751,0.48559670781893005
eunyul,2.0,280,100,173,1.6184971098265897,0.35714285714285715,0.5780346820809249
eunyul,10.0,447,142,268,1.6679104477611941,0.31767337807606266,0.5298507462686567
eunyul,11.0,431,146,259,1.664092664092664,0.33874709976798145,0.5637065637065637
eunyul,12.0,326,118,266,1.2255639097744362,0.3619631901840491,0.44360902255639095
everyang,2.0,10,4,75,0.13333333333333333,0.4,0.05333333333333334
f.o.x,1.0,2058,539,4299,0.47871598046057223,0.2619047619047619,0.12537799488253082
f.o.x,2.0,1627,432,3537,0.4599943454905287,0.26551936078672406,0.12213740458015267
f.o.x,10.0,2659,549,4865,0.54655704008222,0.20646859721699887,0.11284686536485097
f.o.x,11.0,2504,713,4690,0.5339019189765458,0.2847444089456869,0.15202558635394456
f.o.x,12.0,1591,420,3471,0.45836934600979545,0.26398491514770583,0.12100259291270528
fancy,1.0,50,15,95,0.5263157894736842,0.3,0.15789473684210525
fancy,2.0,19,7,72,0.2638888888888889,0.3684210526315789,0.09722222222222222
fancy,10.0,85,20,181,0.4696132596685083,0.23529411764705882,0.11049723756906077
fancy,11.0,48,9,93,0.5161290322580645,0.1875,0.0967741935483871
fancy,12.0,55,16,121,0.45454545454545453,0.2909090909090909,0.1322314049586777
farmavita,1.0,252,67,1389,0.18142548596112312,0.26587301587301587,0.0482361411087113
farmavita,2.0,221,69,1384,0.1596820809248555,0.31221719457013575,0.04985549132947977
farmavita,10.0,411,51,1504,0.2732712765957447,0.12408759124087591,0.0339095744680851
farmavita,11.0,273,80,1288,0.21195652173913043,0.29304029304029305,0.062111801242236024
farmavita,12.0,250,63,1374,0.1819505094614265,0.252,0.04585152838427948
farmona,1.0,160,63,527,0.3036053130929791,0.39375,0.11954459203036052
farmona,2.0,170,56,660,0.25757575757575757,0.32941176470588235,0.08484848484848485
farmona,10.0,163,48,605,0.2694214876033058,0.294478527607362,0.07933884297520662
farmona,11.0,125,45,506,0.24703557312252963,0.36,0.08893280632411067
farmona,12.0,102,32,474,0.21518987341772153,0.3137254901960784,0.06751054852320675
farmstay,1.0,951,334,1538,0.618335500650195,0.3512092534174553,0.21716514954486346
farmstay,2.0,940,345,1425,0.6596491228070176,0.3670212765957447,0.24210526315789474
farmstay,10.0,1186,323,1997,0.5938908362543815,0.2723440134907251,0.16174261392088132
farmstay,11.0,657,191,1155,0.5688311688311688,0.2907153729071537,0.16536796536796536
farmstay,12.0,702,240,1086,0.6464088397790055,0.3418803418803419,0.22099447513812154
fedua,1.0,2,1,130,0.015384615384615385,0.5,0.007692307692307693
fedua,2.0,3,0,109,0.027522935779816515,0.0,0.0
fedua,10.0,21,2,116,0.1810344827586207,0.09523809523809523,0.017241379310344827
fedua,11.0,18,5,153,0.11764705882352941,0.2777777777777778,0.032679738562091505
fedua,12.0,0,0,117,0.0,0.0,0.0
finish,1.0,0,0,1,0.0,0.0,0.0
finish,2.0,0,0,6,0.0,0.0,0.0
finish,10.0,85,14,169,0.5029585798816568,0.16470588235294117,0.08284023668639054
finish,11.0,99,24,193,0.5129533678756477,0.24242424242424243,0.12435233160621761
finish,12.0,8,3,32,0.25,0.375,0.09375
fly,1.0,0,0,1,0.0,0.0,0.0
fly,2.0,0,0,2,0.0,0.0,0.0
fly,10.0,21,2,32,0.65625,0.09523809523809523,0.0625
fly,11.0,11,4,34,0.3235294117647059,0.36363636363636365,0.11764705882352941
fly,12.0,0,0,2,0.0,0.0,0.0
foamie,1.0,3,1,32,0.09375,0.3333333333333333,0.03125
foamie,2.0,12,0,50,0.24,0.0,0.0
foamie,10.0,16,4,37,0.43243243243243246,0.25,0.10810810810810811
foamie,11.0,7,4,24,0.2916666666666667,0.5714285714285714,0.16666666666666666
foamie,12.0,3,1,23,0.13043478260869565,0.3333333333333333,0.043478260869565216
footlogix,1.0,0,0,2,0.0,0.0,0.0
footlogix,2.0,0,0,5,0.0,0.0,0.0
footlogix,10.0,0,0,2,0.0,0.0,0.0
footlogix,11.0,0,0,1,0.0,0.0,0.0
freedecor,1.0,3291,1219,5166,0.6370499419279907,0.3704041324825281,0.2359659310878823
freedecor,2.0,3584,1249,5666,0.6325450052947406,0.34849330357142855,0.22043769855277093
freedecor,10.0,3955,1071,5331,0.7418870755955731,0.27079646017699116,0.20090039392234102
freedecor,11.0,5658,2088,7447,0.7597690345105411,0.36903499469777307,0.28038136162212973
freedecor,12.0,3001,1148,4990,0.6014028056112224,0.38253915361546154,0.23006012024048098
freshbubble,1.0,145,62,350,0.4142857142857143,0.42758620689655175,0.17714285714285713
freshbubble,2.0,108,44,306,0.35294117647058826,0.4074074074074074,0.1437908496732026
freshbubble,10.0,190,41,363,0.5234159779614325,0.21578947368421053,0.11294765840220386
freshbubble,11.0,134,59,242,0.5537190082644629,0.44029850746268656,0.24380165289256198
freshbubble,12.0,87,35,186,0.46774193548387094,0.40229885057471265,0.1881720430107527
frozen,10.0,20,3,39,0.5128205128205128,0.15,0.07692307692307693
frozen,11.0,26,3,54,0.48148148148148145,0.11538461538461539,0.05555555555555555
frozen,12.0,3,0,9,0.3333333333333333,0.0,0.0
gehwol,1.0,181,66,459,0.39433551198257083,0.36464088397790057,0.1437908496732026
gehwol,2.0,187,70,525,0.35619047619047617,0.37433155080213903,0.13333333333333333
gehwol,10.0,155,52,391,0.39641943734015345,0.33548387096774196,0.1329923273657289
gehwol,11.0,176,73,434,0.4055299539170507,0.4147727272727273,0.16820276497695852
gehwol,12.0,151,70,402,0.3756218905472637,0.46357615894039733,0.17412935323383086
gena,2.0,0,0,1,0.0,0.0,0.0
gena,10.0,0,0,2,0.0,0.0,0.0
gezatone,1.0,22,3,163,0.13496932515337423,0.13636363636363635,0.018404907975460124
gezatone,2.0,195,51,1926,0.10124610591900311,0.26153846153846155,0.0264797507788162
glysolid,1.0,117,35,228,0.5131578947368421,0.29914529914529914,0.15350877192982457
glysolid,2.0,137,47,262,0.5229007633587787,0.34306569343065696,0.17938931297709923
glysolid,10.0,86,30,164,0.524390243902439,0.3488372093023256,0.18292682926829268
glysolid,11.0,127,42,220,0.5772727272727273,0.33070866141732286,0.19090909090909092
glysolid,12.0,117,40,197,0.5939086294416244,0.3418803418803419,0.20304568527918782
godefroy,1.0,132,42,438,0.3013698630136986,0.3181818181818182,0.0958904109589041
godefroy,2.0,108,35,394,0.27411167512690354,0.32407407407407407,0.08883248730964467
godefroy,10.0,126,34,394,0.3197969543147208,0.2698412698412698,0.08629441624365482
godefroy,11.0,129,43,413,0.31234866828087166,0.3333333333333333,0.10411622276029056
godefroy,12.0,109,33,379,0.287598944591029,0.30275229357798167,0.0870712401055409
grace,1.0,64,22,285,0.22456140350877193,0.34375,0.07719298245614035
grace,2.0,47,12,224,0.20982142857142858,0.2553191489361702,0.05357142857142857
grace,10.0,93,22,411,0.22627737226277372,0.23655913978494625,0.0535279805352798
grace,11.0,69,21,228,0.3026315789473684,0.30434782608695654,0.09210526315789473
grace,12.0,60,18,193,0.31088082901554404,0.3,0.09326424870466321
grattol,1.0,13853,4725,28760,0.4816759388038943,0.3410813542193027,0.16429068150208623
grattol,2.0,11489,3626,24093,0.47686049890009546,0.31560623204804594,0.1505001452704105
grattol,10.0,9134,2660,19106,0.4780697163194808,0.291219619005912,0.13922328064482362
grattol,11.0,14172,5160,26103,0.5429261004482243,0.3640982218458933,0.19767842776692335
grattol,12.0,11322,3689,26876,0.42126804584015476,0.3258258258258258,0.13726000892990028
greymy,1.0,13,4,99,0.13131313131313133,0.3076923076923077,0.04040404040404041
greymy,2.0,15,3,100,0.15,0.2,0.03
greymy,10.0,16,1,108,0.14814814814814814,0.0625,0.009259259259259259
greymy,11.0,29,13,123,0.23577235772357724,0.4482758620689655,0.10569105691056911
greymy,12.0,16,4,108,0.14814814814814814,0.25,0.037037037037037035
happyfons,1.0,289,87,1129,0.25597874224977857,0.30103806228373703,0.07705934455270151
happyfons,2.0,324,87,3102,0.10444874274661509,0.26851851851851855,0.02804642166344294
happyfons,10.0,386,95,967,0.39917269906928643,0.24611398963730569,0.09824198552223372
happyfons,11.0,341,119,1035,0.3294685990338164,0.3489736070381232,0.11497584541062802
happyfons,12.0,237,82,734,0.3228882833787466,0.3459915611814346,0.11171662125340599
haruyama,1.0,2532,863,4160,0.6086538461538461,0.34083728278041076,0.2074519230769231
haruyama,2.0,2255,701,3423,0.6587788489628981,0.31086474501108646,0.20479111890154836
haruyama,10.0,3534,911,4759,0.7425929817188485,0.2577815506508206,0.19142677032990124
haruyama,11.0,3393,1189,4796,0.707464553794829,0.3504273504273504,0.24791492910758967
haruyama,12.0,1979,658,3375,0.5863703703703703,0.3324911571500758,0.19496296296296298
helloganic,1.0,2,0,2,1.0,0.0,0.0
helloganic,2.0,4,0,3,1.3333333333333333,0.0,0.0
helloganic,10.0,20,0,73,0.273972602739726,0.0,0.0
helloganic,11.0,3,1,7,0.42857142857142855,0.3333333333333333,0.14285714285714285
helloganic,12.0,4,0,3,1.3333333333333333,0.0,0.0
herbolive,1.0,103,16,270,0.3814814814814815,0.1553398058252427,0.05925925925925926
herbolive,2.0,27,9,107,0.2523364485981308,0.3333333333333333,0.08411214953271028
herbolive,12.0,11,3,39,0.28205128205128205,0.2727272727272727,0.07692307692307693
i-laq,1.0,100,27,341,0.2932551319648094,0.27,0.07917888563049853
i-laq,2.0,80,18,295,0.2711864406779661,0.225,0.061016949152542375
i-laq,10.0,495,35,793,0.6242118537200504,0.0707070707070707,0.044136191677175286
i-laq,11.0,119,39,401,0.2967581047381546,0.3277310924369748,0.09725685785536159
i-laq,12.0,97,27,340,0.2852941176470588,0.27835051546391754,0.07941176470588235
ibd,2.0,0,0,2,0.0,0.0,0.0
ibd,11.0,0,0,1,0.0,0.0,0.0
ibd,12.0,0,0,1,0.0,0.0,0.0
igrobeauty,1.0,735,261,844,0.8708530805687204,0.3551020408163265,0.30924170616113744
igrobeauty,2.0,699,239,1005,0.6955223880597015,0.3419170243204578,0.23781094527363184
igrobeauty,10.0,747,252,832,0.8978365384615384,0.3373493975903614,0.30288461538461536
igrobeauty,11.0,828,333,898,0.9220489977728286,0.40217391304347827,0.37082405345211583
igrobeauty,12.0,576,187,723,0.7966804979253111,0.3246527777777778,0.25864453665283543
ikoo,1.0,0,0,3,0.0,0.0,0.0
ikoo,2.0,0,0,4,0.0,0.0,0.0
ikoo,10.0,0,0,1,0.0,0.0,0.0
ikoo,11.0,0,0,3,0.0,0.0,0.0
ikoo,12.0,0,0,3,0.0,0.0,0.0
ingarden,1.0,7901,2726,12775,0.6184735812133072,0.34501961776990253,0.21338551859099805
ingarden,2.0,8170,2460,12804,0.6380818494220556,0.3011015911872705,0.19212746016869728
ingarden,10.0,8857,2566,12705,0.6971271153089335,0.28971435023145536,0.2019677292404565
ingarden,11.0,9971,3766,13959,0.7143061823912887,0.37769531641761106,0.26979009957733363
ingarden,12.0,6837,2296,11479,0.5956093736388187,0.3358198040076057,0.20001742312048088
inm,1.0,133,45,246,0.540650406504065,0.3383458646616541,0.18292682926829268
inm,2.0,110,45,210,0.5238095238095238,0.4090909090909091,0.21428571428571427
inm,10.0,120,45,319,0.3761755485893417,0.375,0.14106583072100312
inm,11.0,156,61,279,0.5591397849462365,0.391025641025641,0.21863799283154123
inm,12.0,98,41,230,0.4260869565217391,0.41836734693877553,0.1782608695652174
inoface,1.0,88,26,156,0.5641025641025641,0.29545454545454547,0.16666666666666666
inoface,2.0,85,21,138,0.6159420289855072,0.24705882352941178,0.15217391304347827
inoface,10.0,160,40,226,0.7079646017699115,0.25,0.17699115044247787
inoface,11.0,131,24,177,0.7401129943502824,0.183206106870229,0.13559322033898305
inoface,12.0,88,19,147,0.5986394557823129,0.2159090909090909,0.1292517006802721
insight,1.0,185,61,1018,0.18172888015717092,0.32972972972972975,0.05992141453831041
insight,2.0,220,58,1216,0.18092105263157895,0.2636363636363636,0.047697368421052634
insight,10.0,331,56,1222,0.27086743044189854,0.1691842900302115,0.04582651391162029
insight,11.0,228,73,1103,0.20670897552130554,0.3201754385964912,0.06618313689936536
insight,12.0,194,69,1043,0.1860019175455417,0.3556701030927835,0.06615532118887824
invisibobble,1.0,0,0,2,0.0,0.0,0.0
invisibobble,10.0,0,0,4,0.0,0.0,0.0
invisibobble,11.0,0,0,4,0.0,0.0,0.0
invisibobble,12.0,0,0,4,0.0,0.0,0.0
irisk,1.0,20084,7264,37672,0.5331280526651093,0.36168094005178253,0.19282225525589297
irisk,2.0,19373,6809,37442,0.5174135997008706,0.35146853868786454,0.18185460178409274
irisk,10.0,20941,6888,35096,0.5966776840665603,0.3289241201470799,0.19626168224299065
irisk,11.0,20561,8275,34046,0.6039182282793867,0.40246096979718887,0.24305351583152207
irisk,12.0,16000,5878,31290,0.5113454777884308,0.367375,0.18785554490252476
italwax,1.0,3782,1492,9777,0.38682622481333745,0.3945002644103649,0.15260304796972488
italwax,2.0,3938,1511,10851,0.3629158602893742,0.3836973082783139,0.13924983872454152
italwax,10.0,4069,1613,9743,0.4176331725341271,0.3964118948144507,0.16555475726162372
italwax,11.0,4242,1887,10449,0.40597186333620444,0.4448373408769448,0.18059144415733563
italwax,12.0,2996,1228,8604,0.3482101348210135,0.4098798397863818,0.14272431427243143
jaguar,1.0,154,48,913,0.1686746987951807,0.3116883116883117,0.05257393209200438
jaguar,2.0,115,31,772,0.1489637305699482,0.26956521739130435,0.04015544041450777
jaguar,10.0,188,51,810,0.23209876543209876,0.2712765957446808,0.06296296296296296
jaguar,11.0,136,45,769,0.17685305591677503,0.33088235294117646,0.05851755526657997
jaguar,12.0,125,43,669,0.18684603886397608,0.344,0.06427503736920777
jas,1.0,339,128,2823,0.12008501594048884,0.3775811209439528,0.04534183492738222
jas,2.0,303,103,2834,0.10691601976005646,0.33993399339933994,0.03634438955539873
jas,10.0,325,115,2072,0.15685328185328185,0.35384615384615387,0.0555019305019305
jas,11.0,412,159,2472,0.16666666666666666,0.3859223300970874,0.06432038834951456
jas,12.0,321,128,2420,0.13264462809917354,0.3987538940809969,0.05289256198347107
jessnail,1.0,3780,1116,19219,0.1966803683854519,0.29523809523809524,0.0580675373328477
jessnail,2.0,3423,1066,16603,0.2061675600795037,0.3114227286006427,0.06420526410889599
jessnail,10.0,3953,1131,15123,0.26138993585928716,0.28611181381229445,0.07478674866097997
jessnail,11.0,4320,1549,16573,0.2606649369456345,0.35856481481481484,0.0934652748446268
jessnail,12.0,3323,1078,17465,0.19026624677927284,0.3244056575383689,0.06172344689378757
joico,1.0,61,18,428,0.1425233644859813,0.29508196721311475,0.04205607476635514
joico,2.0,79,21,503,0.15705765407554673,0.26582278481012656,0.041749502982107355
joico,10.0,171,16,568,0.301056338028169,0.0935672514619883,0.028169014084507043
joico,11.0,101,33,489,0.2065439672801636,0.32673267326732675,0.06748466257668712
joico,12.0,49,20,365,0.13424657534246576,0.40816326530612246,0.0547945205479452
juno,1.0,10,3,20,0.5,0.3,0.15
juno,2.0,4,3,23,0.17391304347826086,0.75,0.13043478260869565
juno,10.0,11,0,13,0.8461538461538461,0.0,0.0
juno,11.0,5,3,21,0.23809523809523808,0.6,0.14285714285714285
juno,12.0,4,0,14,0.2857142857142857,0.0,0.0
kaaral,1.0,674,205,2731,0.2467960454046137,0.30415430267062316,0.07506407909190772
kaaral,2.0,696,194,2584,0.2693498452012384,0.27873563218390807,0.07507739938080496
kaaral,10.0,1037,236,3555,0.29170182841068915,0.22757955641272903,0.06638537271448663
kaaral,11.0,901,252,3209,0.2807728264256778,0.27968923418423974,0.07852913680274229
kaaral,12.0,684,194,2624,0.2606707317073171,0.28362573099415206,0.07393292682926829
kamill,1.0,53,21,106,0.5,0.39622641509433965,0.19811320754716982
kamill,2.0,43,21,95,0.45263157894736844,0.4883720930232558,0.22105263157894736
kamill,10.0,66,14,79,0.8354430379746836,0.21212121212121213,0.17721518987341772
kamill,11.0,67,30,86,0.7790697674418605,0.44776119402985076,0.3488372093023256
kamill,12.0,47,19,96,0.4895833333333333,0.40425531914893614,0.19791666666666666
kapous,1.0,4761,1582,27460,0.1733794610342316,0.3322831337954211,0.057611070648215586
kapous,2.0,4681,1523,16335,0.2865625956535047,0.3253578295236061,0.09323538414447505
kapous,10.0,4917,1481,15676,0.3136642000510334,0.30119991864958306,0.09447563153865782
kapous,11.0,5124,1788,15323,0.3343992690726359,0.34894613583138173,0.11668733276773478
kapous,12.0,4457,1496,23727,0.18784507101614195,0.3356517837110164,0.0630505331478906
kares,1.0,5,2,30,0.16666666666666666,0.4,0.06666666666666667
kares,2.0,5,0,34,0.14705882352941177,0.0,0.0
kares,10.0,27,0,94,0.2872340425531915,0.0,0.0
kares,11.0,8,3,31,0.25806451612903225,0.375,0.0967741935483871
kares,12.0,4,0,20,0.2,0.0,0.0
kaypro,1.0,233,61,1036,0.2249034749034749,0.26180257510729615,0.05888030888030888
kaypro,2.0,252,57,1167,0.2159383033419023,0.2261904761904762,0.04884318766066838
kaypro,10.0,650,29,1548,0.4198966408268734,0.04461538461538461,0.018733850129198967
kaypro,11.0,336,105,1332,0.25225225225225223,0.3125,0.07882882882882883
kaypro,12.0,211,52,1071,0.19701213818860877,0.24644549763033174,0.04855275443510738
keen,1.0,110,30,569,0.19332161687170474,0.2727272727272727,0.05272407732864675
keen,2.0,123,26,463,0.265658747300216,0.21138211382113822,0.056155507559395246
keen,10.0,348,29,809,0.43016069221260816,0.08333333333333333,0.03584672435105068
keen,11.0,150,42,487,0.3080082135523614,0.28,0.08624229979466119
keen,12.0,121,29,492,0.2459349593495935,0.2396694214876033,0.05894308943089431
kerasys,1.0,115,37,249,0.46184738955823296,0.3217391304347826,0.14859437751004015
kerasys,2.0,91,27,223,0.4080717488789238,0.2967032967032967,0.1210762331838565
kerasys,10.0,174,36,297,0.5858585858585859,0.20689655172413793,0.12121212121212122
kerasys,11.0,142,51,266,0.5338345864661654,0.3591549295774648,0.19172932330827067
kerasys,12.0,89,43,203,0.43842364532019706,0.48314606741573035,0.21182266009852216
keune,1.0,110,25,600,0.18333333333333332,0.22727272727272727,0.041666666666666664
keune,2.0,83,22,520,0.1596153846153846,0.26506024096385544,0.04230769230769231
keune,10.0,100,14,423,0.2364066193853428,0.14,0.03309692671394799
keune,11.0,62,8,397,0.1561712846347607,0.12903225806451613,0.020151133501259445
keune,12.0,103,18,654,0.15749235474006115,0.17475728155339806,0.027522935779816515
kezy,1.0,132,36,573,0.23036649214659685,0.2727272727272727,0.06282722513089005
kezy,2.0,123,21,577,0.21317157712305027,0.17073170731707318,0.036395147313691506
kezy,12.0,165,33,782,0.21099744245524296,0.2,0.04219948849104859
kims,1.0,46,6,460,0.1,0.13043478260869565,0.013043478260869565
kims,2.0,44,8,389,0.11311053984575835,0.18181818181818182,0.02056555269922879
kims,10.0,107,8,596,0.17953020134228187,0.07476635514018691,0.013422818791946308
kims,11.0,61,17,453,0.1346578366445916,0.2786885245901639,0.037527593818984545
kims,12.0,37,9,449,0.08240534521158129,0.24324324324324326,0.0200445434298441
kinetics,1.0,615,199,2090,0.2942583732057416,0.3235772357723577,0.09521531100478468
kinetics,2.0,676,194,2411,0.28038158440481126,0.2869822485207101,0.080464537536292
kinetics,10.0,1205,238,2655,0.4538606403013183,0.1975103734439834,0.08964218455743879
kinetics,11.0,831,295,2303,0.36083369518019975,0.35499398315282793,0.12809379070777246
kinetics,12.0,527,161,1987,0.2652239557121288,0.3055028462998102,0.08102667337695017
kiss,1.0,198,55,970,0.20412371134020618,0.2777777777777778,0.05670103092783505
kiss,2.0,196,54,790,0.2481012658227848,0.2755102040816326,0.06835443037974684
kiss,10.0,359,35,947,0.3790918690601901,0.09749303621169916,0.03695881731784583
kiss,11.0,290,87,1098,0.2641165755919854,0.3,0.07923497267759563
kiss,12.0,196,52,896,0.21875,0.2653061224489796,0.05803571428571429
kocostar,1.0,223,69,439,0.5079726651480638,0.3094170403587444,0.1571753986332574
kocostar,2.0,319,89,490,0.6510204081632653,0.27899686520376177,0.1816326530612245
kocostar,10.0,249,37,428,0.5817757009345794,0.14859437751004015,0.08644859813084112
kocostar,11.0,243,70,389,0.6246786632390745,0.2880658436213992,0.17994858611825193
kocostar,12.0,168,57,359,0.467966573816156,0.3392857142857143,0.15877437325905291
koelcia,1.0,5,1,27,0.18518518518518517,0.2,0.037037037037037035
koelcia,2.0,17,4,36,0.4722222222222222,0.23529411764705882,0.1111111111111111
koelcia,10.0,38,5,80,0.475,0.13157894736842105,0.0625
koelcia,11.0,18,7,54,0.3333333333333333,0.3888888888888889,0.12962962962962962
koelcia,12.0,10,2,23,0.43478260869565216,0.2,0.08695652173913043
koelf,1.0,65,13,100,0.65,0.2,0.13
koelf,2.0,54,14,97,0.5567010309278351,0.25925925925925924,0.14432989690721648
koelf,10.0,112,24,159,0.7044025157232704,0.21428571428571427,0.1509433962264151
koelf,11.0,87,26,187,0.46524064171123,0.2988505747126437,0.13903743315508021
koelf,12.0,63,13,92,0.6847826086956522,0.20634920634920634,0.14130434782608695
konad,1.0,365,103,1144,0.31905594405594406,0.2821917808219178,0.09003496503496504
konad,2.0,409,131,1168,0.3501712328767123,0.3202933985330073,0.11215753424657535
konad,10.0,529,110,1362,0.38839941262848754,0.20793950850661624,0.08076358296622614
konad,11.0,506,179,1279,0.3956215793588741,0.35375494071146246,0.13995308835027365
konad,12.0,370,110,1132,0.32685512367491165,0.2972972972972973,0.09717314487632508
kondor,1.0,8,3,89,0.0898876404494382,0.375,0.033707865168539325
kondor,2.0,4,1,161,0.024844720496894408,0.25,0.006211180124223602
koreatida,1.0,11,3,72,0.1527777777777778,0.2727272727272727,0.041666666666666664
koreatida,2.0,14,4,65,0.2153846153846154,0.2857142857142857,0.06153846153846154
koreatida,10.0,15,2,53,0.2830188679245283,0.13333333333333333,0.03773584905660377
koreatida,11.0,9,2,126,0.07142857142857142,0.2222222222222222,0.015873015873015872
koreatida,12.0,10,6,138,0.07246376811594203,0.6,0.043478260869565216
kosmekka,1.0,70,8,2363,0.029623360135421075,0.11428571428571428,0.0033855268726195515
kosmekka,2.0,75,12,1697,0.04419563936358279,0.16,0.007071302298173247
kosmekka,10.0,290,34,4381,0.0661949326637754,0.11724137931034483,0.007760785208856425
kosmekka,11.0,265,59,4211,0.06293042032771314,0.22264150943396227,0.014010923771075753
kosmekka,12.0,83,7,2303,0.03603994789405124,0.08433734939759036,0.00303951367781155
labay,1.0,3,2,25,0.12,0.6666666666666666,0.08
labay,2.0,6,0,24,0.25,0.0,0.0
labay,10.0,36,9,62,0.5806451612903226,0.25,0.14516129032258066
labay,11.0,5,1,27,0.18518518518518517,0.2,0.037037037037037035
labay,12.0,3,0,25,0.12,0.0,0.0
laboratorium,1.0,111,29,280,0.3964285714285714,0.26126126126126126,0.10357142857142858
laboratorium,2.0,95,26,287,0.3310104529616725,0.2736842105263158,0.09059233449477352
laboratorium,10.0,140,28,387,0.36175710594315247,0.2,0.07235142118863049
laboratorium,11.0,155,39,362,0.4281767955801105,0.25161290322580643,0.10773480662983426
laboratorium,12.0,90,25,256,0.3515625,0.2777777777777778,0.09765625
lador,1.0,124,31,1983,0.06253151790216843,0.25,0.015632879475542108
lador,2.0,483,114,1165,0.4145922746781116,0.2360248447204969,0.09785407725321889
lador,10.0,935,250,3717,0.2515469464622007,0.26737967914438504,0.06725854183481302
lador,11.0,958,278,3341,0.28674049685722836,0.29018789144050106,0.08320862017360071
lador,12.0,573,159,2807,0.20413252582828642,0.2774869109947644,0.05664410402565016
ladykin,1.0,50,11,192,0.2604166666666667,0.22,0.057291666666666664
ladykin,2.0,37,9,144,0.2569444444444444,0.24324324324324326,0.0625
ladykin,10.0,68,12,205,0.33170731707317075,0.17647058823529413,0.05853658536585366
ladykin,11.0,48,16,178,0.2696629213483146,0.3333333333333333,0.0898876404494382
ladykin,12.0,41,15,136,0.3014705882352941,0.36585365853658536,0.11029411764705882
laiseven,1.0,0,0,18,0.0,0.0,0.0
laiseven,2.0,0,0,21,0.0,0.0,0.0
laiseven,10.0,0,0,12,0.0,0.0,0.0
laiseven,11.0,0,0,8,0.0,0.0,0.0
laiseven,12.0,0,0,12,0.0,0.0,0.0
lakme,1.0,109,24,421,0.2589073634204275,0.22018348623853212,0.057007125890736345
lakme,2.0,149,40,526,0.2832699619771863,0.2684563758389262,0.07604562737642585
lakme,10.0,209,43,676,0.3091715976331361,0.20574162679425836,0.06360946745562131
lakme,11.0,151,45,567,0.26631393298059963,0.2980132450331126,0.07936507936507936
lakme,12.0,128,32,434,0.29493087557603687,0.25,0.07373271889400922
lamixx,1.0,209,76,595,0.35126050420168065,0.36363636363636365,0.12773109243697478
lamixx,2.0,215,70,620,0.3467741935483871,0.32558139534883723,0.11290322580645161
lamixx,10.0,167,63,609,0.2742200328407225,0.3772455089820359,0.10344827586206896
lamixx,11.0,179,61,575,0.31130434782608696,0.3407821229050279,0.10608695652173913
lamixx,12.0,209,77,585,0.3572649572649573,0.3684210526315789,0.13162393162393163
latinoil,1.0,37,9,181,0.20441988950276244,0.24324324324324326,0.049723756906077346
latinoil,2.0,32,9,174,0.1839080459770115,0.28125,0.05172413793103448
latinoil,10.0,54,13,210,0.2571428571428571,0.24074074074074073,0.06190476190476191
latinoil,11.0,40,17,200,0.2,0.425,0.085
latinoil,12.0,25,6,165,0.15151515151515152,0.24,0.03636363636363636
lebelage,1.0,80,25,196,0.40816326530612246,0.3125,0.12755102040816327
lebelage,2.0,87,22,202,0.4306930693069307,0.25287356321839083,0.10891089108910891
lebelage,10.0,256,52,430,0.5953488372093023,0.203125,0.12093023255813953
lebelage,11.0,118,40,252,0.46825396825396826,0.3389830508474576,0.15873015873015872
lebelage,12.0,85,21,188,0.4521276595744681,0.24705882352941178,0.11170212765957446
levissime,1.0,507,187,940,0.5393617021276595,0.368836291913215,0.19893617021276597
levissime,2.0,509,172,966,0.5269151138716356,0.3379174852652259,0.17805383022774326
levissime,10.0,494,171,962,0.5135135135135135,0.34615384615384615,0.17775467775467776
levissime,11.0,607,250,1006,0.6033797216699801,0.41186161449752884,0.2485089463220676
levissime,12.0,381,130,734,0.5190735694822888,0.34120734908136485,0.1771117166212534
levrana,1.0,1076,330,2746,0.39184268026219954,0.3066914498141264,0.12017479970866715
levrana,2.0,958,315,2308,0.4150779896013865,0.3288100208768267,0.13648180242634314
levrana,10.0,1120,255,2408,0.46511627906976744,0.22767857142857142,0.10589700996677741
levrana,11.0,1096,362,2299,0.4767290126141801,0.3302919708029197,0.15745976511526752
levrana,12.0,771,259,1817,0.4243258117776555,0.3359273670557717,0.14254265272427077
lianail,1.0,2492,675,5307,0.46956849444130394,0.27086677367576245,0.12719050310910118
lianail,2.0,1994,552,4557,0.43756857581742375,0.2768304914744233,0.12113232389730086
lianail,10.0,2595,616,5378,0.4825213834139085,0.2373795761078998,0.114540721457791
lianail,11.0,3801,1102,6613,0.5747769544835929,0.2899237042883452,0.16664146378345682
lianail,12.0,1927,540,4306,0.4475150952159777,0.2802283341982356,0.12540640966093822
likato,1.0,99,26,342,0.2894736842105263,0.26262626262626265,0.07602339181286549
likato,2.0,160,32,407,0.3931203931203931,0.2,0.07862407862407862
likato,10.0,224,18,583,0.38421955403087477,0.08035714285714286,0.030874785591766724
likato,11.0,120,32,389,0.30848329048843187,0.26666666666666666,0.08226221079691516
likato,12.0,66,15,272,0.2426470588235294,0.22727272727272727,0.05514705882352941
limoni,1.0,343,92,1109,0.30928764652840396,0.26822157434402333,0.0829576194770063
limoni,2.0,334,102,929,0.3595263724434876,0.30538922155688625,0.10979547900968784
limoni,10.0,416,86,1110,0.3747747747747748,0.20673076923076922,0.07747747747747748
limoni,11.0,494,153,1327,0.37226827430293896,0.3097165991902834,0.11529766390354182
limoni,12.0,298,97,957,0.3113897596656217,0.32550335570469796,0.1013584117032393
litaline,1.0,15,2,127,0.11811023622047244,0.13333333333333333,0.015748031496062992
litaline,2.0,25,6,110,0.22727272727272727,0.24,0.05454545454545454
litaline,10.0,134,9,227,0.5903083700440529,0.06716417910447761,0.039647577092511016
litaline,11.0,43,9,136,0.3161764705882353,0.20930232558139536,0.0661764705882353
litaline,12.0,14,1,92,0.15217391304347827,0.07142857142857142,0.010869565217391304
lovely,1.0,3366,1229,5968,0.5640080428954424,0.3651218062982769,0.20593163538873996
lovely,2.0,2933,1032,5212,0.5627398311588642,0.3518581657006478,0.19800460475825019
lovely,10.0,2518,669,4572,0.5507436570428696,0.2656870532168388,0.1463254593175853
lovely,11.0,2801,959,5070,0.552465483234714,0.3423777222420564,0.1891518737672584
lovely,12.0,2067,665,4138,0.49951667472208794,0.3217223028543783,0.16070565490575156
lowence,1.0,213,51,565,0.3769911504424779,0.23943661971830985,0.09026548672566372
lowence,2.0,178,59,478,0.3723849372384937,0.33146067415730335,0.12343096234309624
lowence,10.0,58,11,243,0.23868312757201646,0.1896551724137931,0.04526748971193416
lowence,11.0,128,44,363,0.3526170798898072,0.34375,0.12121212121212122
lowence,12.0,184,67,619,0.2972536348949919,0.3641304347826087,0.10823909531502424
lsanic,1.0,141,35,288,0.4895833333333333,0.24822695035460993,0.12152777777777778
lsanic,2.0,149,51,318,0.46855345911949686,0.3422818791946309,0.16037735849056603
lsanic,10.0,290,81,392,0.7397959183673469,0.2793103448275862,0.2066326530612245
lsanic,11.0,230,62,383,0.6005221932114883,0.26956521739130435,0.1618798955613577
lsanic,12.0,146,45,287,0.5087108013937283,0.3082191780821918,0.156794425087108
lunaris,1.0,0,0,10,0.0,0.0,0.0
lunaris,2.0,0,0,3,0.0,0.0,0.0
lunaris,10.0,6,1,21,0.2857142857142857,0.16666666666666666,0.047619047619047616
lunaris,11.0,0,0,8,0.0,0.0,0.0
lunaris,12.0,0,0,5,0.0,0.0,0.0
luxvisage,2.0,538,120,998,0.5390781563126252,0.22304832713754646,0.12024048096192384
macadamia,1.0,0,0,7,0.0,0.0,0.0
macadamia,2.0,0,0,9,0.0,0.0,0.0
macadamia,10.0,0,0,10,0.0,0.0,0.0
macadamia,11.0,0,0,2,0.0,0.0,0.0
macadamia,12.0,0,0,1,0.0,0.0,0.0
mane,1.0,9,3,62,0.14516129032258066,0.3333333333333333,0.04838709677419355
mane,2.0,9,2,87,0.10344827586206896,0.2222222222222222,0.022988505747126436
mane,10.0,19,2,68,0.27941176470588236,0.10526315789473684,0.029411764705882353
mane,11.0,14,8,73,0.1917808219178082,0.5714285714285714,0.1095890410958904
mane,12.0,6,2,52,0.11538461538461539,0.3333333333333333,0.038461538461538464
marathon,1.0,152,38,2787,0.0545389307499103,0.25,0.013634732687477575
marathon,2.0,368,81,3795,0.09696969696969697,0.22010869565217392,0.021343873517786563
marathon,10.0,250,53,2731,0.09154155986818015,0.212,0.019406810692054192
marathon,11.0,355,74,3080,0.11525974025974026,0.2084507042253521,0.024025974025974027
marathon,12.0,323,91,3053,0.10579757615460203,0.28173374613003094,0.029806747461513267
markell,1.0,917,284,1792,0.51171875,0.30970556161395857,0.15848214285714285
markell,2.0,921,282,1714,0.5373395565927654,0.30618892508143325,0.1645274212368728
markell,10.0,997,291,1787,0.5579182988248461,0.29187562688064195,0.16284275321768327
markell,11.0,1181,424,2024,0.583498023715415,0.3590177815410669,0.20948616600790515
markell,12.0,786,243,1525,0.5154098360655738,0.30916030534351147,0.15934426229508197
marutaka-foot,1.0,12,3,81,0.14814814814814814,0.25,0.037037037037037035
marutaka-foot,2.0,10,2,91,0.10989010989010989,0.2,0.02197802197802198
marutaka-foot,10.0,33,4,94,0.35106382978723405,0.12121212121212122,0.0425531914893617
marutaka-foot,11.0,15,3,89,0.16853932584269662,0.2,0.033707865168539325
marutaka-foot,12.0,12,4,72,0.16666666666666666,0.3333333333333333,0.05555555555555555
masura,1.0,9929,3081,18132,0.5475954114273108,0.3103031523819116,0.1699205823957644
masura,2.0,8686,2504,19831,0.4380011093742121,0.2882799907897767,0.1262669557763098
masura,10.0,11695,2993,22615,0.5171346451470263,0.2559213339033775,0.13234578819367676
masura,11.0,10665,3465,18165,0.5871180842279108,0.32489451476793246,0.1907514450867052
masura,12.0,7210,2144,14527,0.49631720245060923,0.29736477115117893,0.14758725132511874
matreshka,1.0,329,76,1094,0.3007312614259598,0.23100303951367782,0.06946983546617916
matreshka,2.0,367,98,1180,0.31101694915254235,0.2670299727520436,0.08305084745762711
matreshka,11.0,171,31,487,0.351129363449692,0.18128654970760233,0.06365503080082136
matreshka,12.0,160,32,645,0.24806201550387597,0.2,0.04961240310077519
matrix,1.0,490,141,1552,0.31572164948453607,0.28775510204081634,0.09085051546391752
matrix,2.0,538,152,1604,0.33541147132169574,0.2825278810408922,0.09476309226932668
matrix,10.0,650,144,1851,0.3511615343057807,0.22153846153846155,0.07779578606158834
matrix,11.0,600,168,1770,0.3389830508474576,0.28,0.09491525423728814
matrix,12.0,432,135,1515,0.2851485148514851,0.3125,0.0891089108910891
mavala,1.0,136,31,625,0.2176,0.22794117647058823,0.0496
mavala,2.0,127,35,619,0.20516962843295639,0.2755905511811024,0.05654281098546042
mavala,10.0,342,33,734,0.4659400544959128,0.09649122807017543,0.04495912806539509
mavala,11.0,119,30,519,0.22928709055876687,0.25210084033613445,0.057803468208092484
mavala,12.0,112,21,546,0.20512820512820512,0.1875,0.038461538461538464
max,1.0,513,163,2380,0.21554621848739497,0.31773879142300193,0.0684873949579832
max,2.0,510,162,2352,0.21683673469387754,0.3176470588235294,0.06887755102040816
max,10.0,505,177,2193,0.2302781577747378,0.3504950495049505,0.08071135430916553
max,11.0,473,137,2657,0.17802032367331577,0.28964059196617337,0.051561911930748966
max,12.0,373,124,2218,0.16816952209197475,0.3324396782841823,0.05590622182146077
mayamy,1.0,60,17,159,0.37735849056603776,0.2833333333333333,0.1069182389937107
mayamy,2.0,72,11,221,0.3257918552036199,0.1527777777777778,0.049773755656108594
mayamy,12.0,66,18,121,0.5454545454545454,0.2727272727272727,0.1487603305785124
meisterwerk,1.0,49,15,203,0.2413793103448276,0.30612244897959184,0.07389162561576355
meisterwerk,2.0,44,11,169,0.2603550295857988,0.25,0.0650887573964497
meisterwerk,10.0,140,37,330,0.42424242424242425,0.2642857142857143,0.11212121212121212
meisterwerk,11.0,97,25,328,0.29573170731707316,0.25773195876288657,0.07621951219512195
meisterwerk,12.0,43,11,154,0.2792207792207792,0.2558139534883721,0.07142857142857142
metzger,1.0,2069,758,4598,0.4499782514136581,0.36636056065732236,0.16485428447150935
metzger,2.0,2036,673,4923,0.41356896201503146,0.3305500982318271,0.13670526101970343
metzger,10.0,1882,589,4026,0.4674615002483855,0.31296493092454836,0.1462990561351217
metzger,11.0,1926,798,4244,0.4538171536286522,0.4143302180685358,0.1880301602262017
metzger,12.0,1551,580,3591,0.4319131161236424,0.37395228884590587,0.1615148983570036
mielle,1.0,12,1,61,0.19672131147540983,0.08333333333333333,0.01639344262295082
mielle,2.0,11,2,74,0.14864864864864866,0.18181818181818182,0.02702702702702703
mielle,10.0,45,11,110,0.4090909090909091,0.24444444444444444,0.1
mielle,11.0,18,0,67,0.26865671641791045,0.0,0.0
mielle,12.0,12,1,59,0.2033898305084746,0.08333333333333333,0.01694915254237288
milv,1.0,3752,1279,5695,0.6588235294117647,0.34088486140724944,0.22458296751536436
milv,2.0,3618,1235,5466,0.6619099890230515,0.34134881149806523,0.22594218807171607
milv,10.0,4301,1302,7059,0.6092931010058081,0.3027202976052081,0.18444538886527836
milv,11.0,5195,1928,7162,0.7253560457972633,0.37112608277189607,0.2691985478916504
milv,12.0,3429,1222,5703,0.6012624934245134,0.3563721201516477,0.21427318954935998
miskin,1.0,33,8,126,0.2619047619047619,0.24242424242424243,0.06349206349206349
miskin,2.0,21,3,75,0.28,0.14285714285714285,0.04
miskin,10.0,62,9,183,0.33879781420765026,0.14516129032258066,0.04918032786885246
miskin,11.0,61,14,161,0.37888198757763975,0.22950819672131148,0.08695652173913043
miskin,12.0,32,12,145,0.2206896551724138,0.375,0.08275862068965517
missha,1.0,418,123,2689,0.15544812197843064,0.2942583732057416,0.045741911491260695
missha,2.0,351,107,1980,0.17727272727272728,0.30484330484330485,0.05404040404040404
missha,10.0,359,78,1867,0.19228709159078736,0.21727019498607242,0.04177825388323514
missha,11.0,432,111,2106,0.20512820512820512,0.2569444444444444,0.05270655270655271
missha,12.0,293,83,1893,0.15478077126254622,0.2832764505119454,0.04384574749075541
moyou,1.0,169,37,687,0.24599708879184862,0.21893491124260356,0.053857350800582245
moyou,2.0,153,29,714,0.21428571428571427,0.1895424836601307,0.04061624649859944
moyou,10.0,11,1,258,0.04263565891472868,0.09090909090909091,0.003875968992248062
moyou,11.0,7,2,270,0.025925925925925925,0.2857142857142857,0.007407407407407408
moyou,12.0,43,13,195,0.2205128205128205,0.3023255813953488,0.06666666666666667
nagaraku,1.0,2173,702,5745,0.3782419495213229,0.32305568338702256,0.12219321148825066
nagaraku,2.0,2000,670,4404,0.45413260672116257,0.335,0.15213442325158946
nagaraku,10.0,1800,651,2940,0.6122448979591837,0.3616666666666667,0.22142857142857142
nagaraku,11.0,2095,732,3388,0.6183589138134593,0.3494033412887828,0.21605667060212513
nagaraku,12.0,1615,577,3019,0.5349453461411063,0.3572755417956656,0.19112288837363364
naomi,1.0,147,31,715,0.2055944055944056,0.2108843537414966,0.043356643356643354
naomi,2.0,162,45,620,0.26129032258064516,0.2777777777777778,0.07258064516129033
naomi,11.0,211,41,720,0.29305555555555557,0.1943127962085308,0.05694444444444444
naomi,12.0,108,34,563,0.19182948490230906,0.3148148148148148,0.06039076376554174
naturmed,1.0,61,12,182,0.33516483516483514,0.19672131147540983,0.06593406593406594
naturmed,2.0,56,19,201,0.27860696517412936,0.3392857142857143,0.0945273631840796
naturmed,10.0,48,11,149,0.3221476510067114,0.22916666666666666,0.0738255033557047
naturmed,11.0,38,11,116,0.3275862068965517,0.2894736842105263,0.09482758620689655
naturmed,12.0,34,11,145,0.23448275862068965,0.3235294117647059,0.07586206896551724
nefertiti,1.0,26,8,101,0.25742574257425743,0.3076923076923077,0.07920792079207921
nefertiti,2.0,23,5,70,0.32857142857142857,0.21739130434782608,0.07142857142857142
nefertiti,10.0,127,38,312,0.40705128205128205,0.2992125984251969,0.12179487179487179
nefertiti,11.0,115,43,243,0.4732510288065844,0.3739130434782609,0.17695473251028807
nefertiti,12.0,40,19,156,0.2564102564102564,0.475,0.12179487179487179
neoleor,1.0,2,1,23,0.08695652173913043,0.5,0.043478260869565216
neoleor,2.0,7,3,25,0.28,0.42857142857142855,0.12
neoleor,10.0,10,1,31,0.3225806451612903,0.1,0.03225806451612903
neoleor,11.0,3,1,29,0.10344827586206896,0.3333333333333333,0.034482758620689655
neoleor,12.0,1,1,23,0.043478260869565216,1.0,0.043478260869565216
nirvel,1.0,29,8,99,0.29292929292929293,0.27586206896551724,0.08080808080808081
nirvel,2.0,34,6,77,0.44155844155844154,0.17647058823529413,0.07792207792207792
nirvel,10.0,89,18,204,0.4362745098039216,0.20224719101123595,0.08823529411764706
nirvel,11.0,74,25,168,0.44047619047619047,0.33783783783783783,0.1488095238095238
nirvel,12.0,26,8,115,0.22608695652173913,0.3076923076923077,0.06956521739130435
nitrile,1.0,259,98,266,0.9736842105263158,0.3783783783783784,0.3684210526315789
nitrile,2.0,237,78,271,0.8745387453874539,0.3291139240506329,0.2878228782287823
nitrile,10.0,228,82,184,1.2391304347826086,0.35964912280701755,0.44565217391304346
nitrile,11.0,255,114,247,1.0323886639676114,0.4470588235294118,0.46153846153846156
nitrile,12.0,137,50,184,0.7445652173913043,0.36496350364963503,0.2717391304347826
nitrimax,1.0,1266,502,3545,0.35712270803949225,0.39652448657187994,0.14160789844851904
nitrimax,2.0,569,211,2836,0.20063469675599435,0.37082601054481545,0.07440056417489421
nitrimax,10.0,866,322,877,0.9874572405929305,0.371824480369515,0.3671607753705815
nitrimax,11.0,640,251,654,0.9785932721712538,0.3921875,0.3837920489296636
nitrimax,12.0,477,188,541,0.8817005545286506,0.3941299790356394,0.34750462107208874
note,2.0,213,41,872,0.24426605504587157,0.19248826291079812,0.047018348623853214
nova,1.0,0,0,1,0.0,0.0,0.0
nova,10.0,0,0,13,0.0,0.0,0.0
oniq,1.0,1439,424,4749,0.30301116024426195,0.2946490618485059,0.08928195409559907
oniq,2.0,1462,420,4847,0.30162987414895814,0.2872777017783858,0.08665153703321642
oniq,10.0,2345,384,5964,0.3931924882629108,0.16375266524520257,0.06438631790744467
oniq,11.0,1631,479,5285,0.3086092715231788,0.2936848559166156,0.09063386944181646
oniq,12.0,1066,318,3920,0.27193877551020407,0.29831144465290804,0.08112244897959184
opi,1.0,242,66,1257,0.19252187748607796,0.2727272727272727,0.05250596658711217
opi,2.0,351,122,1479,0.23732251521298176,0.3475783475783476,0.08248816768086545
opi,10.0,4,0,279,0.014336917562724014,0.0,0.0
opi,11.0,12,0,296,0.04054054054054054,0.0,0.0
opi,12.0,244,77,1052,0.23193916349809887,0.3155737704918033,0.07319391634980989
orly,1.0,313,94,1095,0.28584474885844746,0.3003194888178914,0.08584474885844749
orly,2.0,253,76,1160,0.21810344827586206,0.30039525691699603,0.06551724137931035
orly,10.0,313,73,1134,0.2760141093474427,0.23322683706070288,0.06437389770723104
orly,11.0,278,86,1121,0.247992863514719,0.30935251798561153,0.0767172167707404
orly,12.0,216,63,919,0.235038084874864,0.2916666666666667,0.06855277475516866
osmo,1.0,71,15,527,0.1347248576850095,0.2112676056338028,0.028462998102466792
osmo,2.0,68,13,421,0.16152019002375298,0.19117647058823528,0.030878859857482184
osmo,10.0,199,22,696,0.2859195402298851,0.11055276381909548,0.031609195402298854
osmo,11.0,78,23,557,0.1400359066427289,0.2948717948717949,0.04129263913824058
osmo,12.0,43,9,411,0.10462287104622871,0.20930232558139536,0.021897810218978103
ovale,1.0,3,1,17,0.17647058823529413,0.3333333333333333,0.058823529411764705
ovale,2.0,0,0,8,0.0,0.0,0.0
ovale,10.0,16,1,32,0.5,0.0625,0.03125
ovale,11.0,4,1,16,0.25,0.25,0.0625
ovale,12.0,4,2,21,0.19047619047619047,0.5,0.09523809523809523
parachute,1.0,175,40,587,0.2981260647359455,0.22857142857142856,0.06814310051107325
parachute,2.0,122,33,489,0.24948875255623723,0.27049180327868855,0.06748466257668712
parachute,10.0,217,56,674,0.3219584569732938,0.25806451612903225,0.0830860534124629
parachute,11.0,242,64,638,0.3793103448275862,0.2644628099173554,0.10031347962382445
parachute,12.0,163,40,562,0.2900355871886121,0.24539877300613497,0.0711743772241993
petitfee,1.0,131,39,283,0.4628975265017668,0.29770992366412213,0.13780918727915195
petitfee,2.0,142,34,287,0.49477351916376305,0.23943661971830985,0.11846689895470383
petitfee,10.0,267,73,400,0.6675,0.27340823970037453,0.1825
petitfee,11.0,180,48,457,0.3938730853391685,0.26666666666666666,0.1050328227571116
petitfee,12.0,113,25,246,0.45934959349593496,0.22123893805309736,0.1016260162601626
philips,2.0,0,0,1,0.0,0.0,0.0
philips,10.0,9,3,39,0.23076923076923078,0.3333333333333333,0.07692307692307693
philips,11.0,10,2,24,0.4166666666666667,0.2,0.08333333333333333
philips,12.0,1,1,1,1.0,1.0,1.0
pilaten,2.0,18,3,18,1.0,0.16666666666666666,0.16666666666666666
plazan,1.0,0,0,4,0.0,0.0,0.0
plazan,2.0,0,0,6,0.0,0.0,0.0
plazan,10.0,113,26,219,0.5159817351598174,0.23008849557522124,0.1187214611872146
plazan,11.0,93,27,258,0.36046511627906974,0.2903225806451613,0.10465116279069768
plazan,12.0,21,5,60,0.35,0.23809523809523808,0.08333333333333333
pnb,1.0,1494,513,3689,0.4049878015722418,0.3433734939759036,0.13906207644348062
pnb,2.0,1732,516,4307,0.4021360575806826,0.2979214780600462,0.1198049686556768
pnb,10.0,2369,640,4915,0.4819938962360122,0.2701561840439004,0.13021363173957273
pnb,11.0,2037,699,4434,0.459404600811908,0.3431516936671576,0.15764546684709066
pnb,12.0,1349,442,3184,0.4236809045226131,0.32765011119347665,0.13881909547738694
polarus,1.0,526,165,2430,0.21646090534979423,0.31368821292775667,0.06790123456790123
polarus,2.0,576,165,2699,0.21341237495368656,0.2864583333333333,0.06113375324194146
polarus,10.0,508,125,2211,0.229760289461782,0.24606299212598426,0.056535504296698326
polarus,11.0,576,225,2660,0.21654135338345865,0.390625,0.08458646616541353
polarus,12.0,401,117,2107,0.19031798766018035,0.29177057356608477,0.05552918841955387
pole,1.0,2288,747,4269,0.535956898571094,0.326486013986014,0.17498243148278286
pole,2.0,2828,845,4845,0.5836945304437564,0.2987977369165488,0.17440660474716202
pole,10.0,4596,1088,6503,0.7067507304321082,0.23672758920800696,0.16730739658619098
pole,11.0,2781,999,4529,0.6140428350629278,0.3592233009708738,0.22057849414881872
pole,12.0,2948,942,4777,0.6171237178145279,0.31953867028493893,0.19719489219175215
profepil,1.0,29,12,104,0.27884615384615385,0.41379310344827586,0.11538461538461539
profepil,2.0,29,10,92,0.31521739130434784,0.3448275862068966,0.10869565217391304
profepil,10.0,56,19,118,0.4745762711864407,0.3392857142857143,0.16101694915254236
profepil,11.0,33,19,55,0.6,0.5757575757575758,0.34545454545454546
profepil,12.0,27,7,78,0.34615384615384615,0.25925925925925924,0.08974358974358974
profhenna,1.0,124,27,394,0.3147208121827411,0.21774193548387097,0.06852791878172589
profhenna,2.0,113,39,325,0.3476923076923077,0.34513274336283184,0.12
profhenna,10.0,242,43,467,0.5182012847965739,0.17768595041322313,0.09207708779443255
profhenna,11.0,238,64,476,0.5,0.2689075630252101,0.13445378151260504
profhenna,12.0,81,31,352,0.23011363636363635,0.38271604938271603,0.08806818181818182
protokeratin,1.0,57,17,277,0.20577617328519857,0.2982456140350877,0.061371841155234655
protokeratin,2.0,68,16,270,0.2518518518518518,0.23529411764705882,0.05925925925925926
protokeratin,10.0,170,13,377,0.4509283819628647,0.07647058823529412,0.034482758620689655
protokeratin,11.0,81,34,294,0.2755102040816326,0.41975308641975306,0.11564625850340136
protokeratin,12.0,62,22,246,0.25203252032520324,0.3548387096774194,0.08943089430894309
provoc,1.0,236,71,608,0.3881578947368421,0.3008474576271186,0.11677631578947369
provoc,2.0,229,72,665,0.3443609022556391,0.314410480349345,0.10827067669172932
provoc,10.0,397,91,824,0.4817961165048544,0.22921914357682618,0.1104368932038835
provoc,11.0,310,113,737,0.4206241519674355,0.36451612903225805,0.15332428765264586
provoc,12.0,203,67,527,0.38519924098671726,0.33004926108374383,0.127134724857685
pueen,10.0,0,0,1,0.0,0.0,0.0
radius,1.0,2,1,39,0.05128205128205128,0.5,0.02564102564102564
radius,2.0,1,0,46,0.021739130434782608,0.0,0.0
radius,10.0,6,0,31,0.1935483870967742,0.0,0.0
radius,11.0,4,0,35,0.11428571428571428,0.0,0.0
radius,12.0,3,1,31,0.0967741935483871,0.3333333333333333,0.03225806451612903
rasyan,1.0,10,4,177,0.05649717514124294,0.4,0.022598870056497175
rasyan,2.0,19,7,125,0.152,0.3684210526315789,0.056
rasyan,10.0,28,5,504,0.05555555555555555,0.17857142857142858,0.00992063492063492
rasyan,11.0,20,8,315,0.06349206349206349,0.4,0.025396825396825397
rasyan,12.0,11,2,192,0.057291666666666664,0.18181818181818182,0.010416666666666666
refectocil,1.0,606,175,1051,0.576593720266413,0.2887788778877888,0.1665080875356803
refectocil,2.0,635,196,1060,0.5990566037735849,0.30866141732283464,0.18490566037735848
refectocil,10.0,668,213,1080,0.6185185185185185,0.3188622754491018,0.19722222222222222
refectocil,11.0,754,259,1168,0.6455479452054794,0.34350132625994695,0.22174657534246575
refectocil,12.0,504,165,846,0.5957446808510638,0.3273809523809524,0.1950354609929078
relouis,1.0,671,158,1683,0.39869281045751637,0.23546944858420268,0.09387997623291741
relouis,2.0,603,138,1940,0.31082474226804124,0.22885572139303484,0.0711340206185567
relouis,12.0,166,32,354,0.4689265536723164,0.1927710843373494,0.0903954802259887
resize,2.0,24,5,114,0.21052631578947367,0.20833333333333334,0.043859649122807015
riche,1.0,76,24,386,0.19689119170984457,0.3157894736842105,0.06217616580310881
riche,2.0,104,29,402,0.25870646766169153,0.27884615384615385,0.07213930348258707
riche,10.0,86,8,400,0.215,0.09302325581395349,0.02
riche,11.0,24,7,298,0.08053691275167785,0.2916666666666667,0.02348993288590604
riche,12.0,25,7,280,0.08928571428571429,0.28,0.025
rocknailstar,1.0,1,1,8,0.125,1.0,0.125
rocknailstar,2.0,0,0,5,0.0,0.0,0.0
rocknailstar,10.0,6,2,33,0.18181818181818182,0.3333333333333333,0.06060606060606061
rocknailstar,11.0,4,2,37,0.10810810810810811,0.5,0.05405405405405406
rocknailstar,12.0,0,0,18,0.0,0.0,0.0
rorec,2.0,16,1,30,0.5333333333333333,0.0625,0.03333333333333333
rosi,1.0,1355,524,2066,0.6558567279767668,0.38671586715867157,0.2536302032913843
rosi,2.0,1395,473,2032,0.6865157480314961,0.33906810035842294,0.2327755905511811
rosi,10.0,1483,419,2503,0.592489013184179,0.2825354012137559,0.1673991210547343
rosi,11.0,1531,556,2496,0.6133814102564102,0.36316133246244287,0.22275641025641027
rosi,12.0,1089,362,2028,0.5369822485207101,0.33241505968778695,0.17850098619329388
roubloff,1.0,1757,676,3067,0.5728725138571894,0.38474672737620946,0.22041082491033584
roubloff,2.0,1713,625,3177,0.5391879131255902,0.36485697606538237,0.19672647151400693
roubloff,10.0,1621,519,2947,0.5500508992195453,0.32017273288093767,0.17611129962673905
roubloff,11.0,2004,880,3354,0.5974955277280859,0.43912175648702595,0.26237328562909956
roubloff,12.0,1358,505,2405,0.5646569646569647,0.37187039764359353,0.20997920997921
runail,1.0,24486,9082,48923,0.5005007869509229,0.37090582373601244,0.1856386566645545
runail,2.0,21156,7552,43968,0.48116812227074235,0.3569672906031386,0.1717612809315866
runail,10.0,22724,7918,43147,0.526664658029527,0.34844217567329694,0.1835121792940413
runail,11.0,24543,10005,45587,0.5383771689297387,0.407651876298741,0.21947046307061224
runail,12.0,20093,7464,42593,0.4717441833165074,0.3714726521674215,0.17524006292113728
s.care,1.0,24,2,498,0.04819277108433735,0.08333333333333333,0.004016064257028112
s.care,2.0,17,3,409,0.04156479217603912,0.17647058823529413,0.007334963325183374
s.care,10.0,13,4,335,0.03880597014925373,0.3076923076923077,0.011940298507462687
s.care,11.0,25,9,562,0.04448398576512456,0.36,0.01601423487544484
s.care,12.0,14,1,463,0.03023758099352052,0.07142857142857142,0.0021598272138228943
sanoto,1.0,15,4,298,0.050335570469798654,0.26666666666666666,0.013422818791946308
sanoto,2.0,13,3,383,0.033942558746736295,0.23076923076923078,0.007832898172323759
sanoto,10.0,2,1,173,0.011560693641618497,0.5,0.005780346820809248
sanoto,11.0,15,7,229,0.06550218340611354,0.4666666666666667,0.03056768558951965
sanoto,12.0,11,7,228,0.04824561403508772,0.6363636363636364,0.03070175438596491
sawa,1.0,39,12,105,0.37142857142857144,0.3076923076923077,0.11428571428571428
sawa,2.0,49,15,126,0.3888888888888889,0.30612244897959184,0.11904761904761904
sawa,10.0,40,9,119,0.33613445378151263,0.225,0.07563025210084033
sawa,11.0,33,6,109,0.30275229357798167,0.18181818181818182,0.05504587155963303
sawa,12.0,37,12,79,0.46835443037974683,0.32432432432432434,0.1518987341772152
severina,1.0,3798,1746,3511,1.0817430931358587,0.4597156398104265,0.49729421817146113
severina,2.0,3395,1424,3200,1.0609375,0.419440353460972,0.445
severina,10.0,3390,1416,2828,1.1987270155586986,0.4176991150442478,0.5007072135785007
severina,11.0,3689,1759,3178,1.1607929515418502,0.4768229872594199,0.553492762743864
severina,12.0,2829,1284,2539,1.1142181961402127,0.45387062566277836,0.5057109098070106
shary,1.0,557,200,872,0.6387614678899083,0.3590664272890485,0.22935779816513763
shary,2.0,489,194,708,0.690677966101695,0.3967280163599182,0.2740112994350282
shary,10.0,618,188,850,0.7270588235294118,0.3042071197411003,0.2211764705882353
shary,11.0,672,256,880,0.7636363636363637,0.38095238095238093,0.2909090909090909
shary,12.0,475,162,765,0.6209150326797386,0.3410526315789474,0.21176470588235294
shifei,1.0,0,0,1,0.0,0.0,0.0
shifei,2.0,0,0,1,0.0,0.0,0.0
shifei,12.0,0,0,1,0.0,0.0,0.0
shik,1.0,830,215,4303,0.1928886823146642,0.25903614457831325,0.04996514059958169
shik,2.0,889,212,4184,0.21247609942638623,0.23847019122609675,0.05066921606118547
shik,10.0,860,203,4109,0.20929666585543927,0.23604651162790696,0.049403747870528106
shik,11.0,903,248,4454,0.20273911091154018,0.27464008859357697,0.05568028738212842
shik,12.0,746,184,4221,0.1767353707652215,0.24664879356568364,0.04359156597962568
siberina,1.0,307,82,796,0.38567839195979897,0.2671009771986971,0.10301507537688442
siberina,2.0,315,91,844,0.3732227488151659,0.28888888888888886,0.10781990521327015
siberina,10.0,618,121,941,0.6567481402763018,0.19579288025889968,0.12858660998937302
siberina,11.0,178,66,395,0.4506329113924051,0.3707865168539326,0.1670886075949367
siberina,12.0,269,82,666,0.4039039039039039,0.3048327137546468,0.12312312312312312
skinity,1.0,2,0,7,0.2857142857142857,0.0,0.0
skinity,2.0,2,1,7,0.2857142857142857,0.5,0.14285714285714285
skinity,10.0,6,1,12,0.5,0.16666666666666666,0.08333333333333333
skinity,11.0,3,3,11,0.2727272727272727,1.0,0.2727272727272727
skinity,12.0,0,1,7,0.0,0.0,0.14285714285714285
skinlite,1.0,628,238,807,0.7781908302354399,0.37898089171974525,0.2949194547707559
skinlite,2.0,582,197,798,0.7293233082706767,0.3384879725085911,0.24686716791979949
skinlite,10.0,731,180,897,0.8149386845039019,0.24623803009575923,0.20066889632107024
skinlite,11.0,709,272,857,0.8273045507584598,0.383638928067701,0.31738623103850644
skinlite,12.0,586,187,744,0.7876344086021505,0.3191126279863481,0.2513440860215054
skipofit,1.0,18,6,58,0.3103448275862069,0.3333333333333333,0.10344827586206896
skipofit,2.0,18,3,65,0.27692307692307694,0.16666666666666666,0.046153846153846156
skipofit,10.0,16,3,34,0.47058823529411764,0.1875,0.08823529411764706
skipofit,11.0,7,1,27,0.25925925925925924,0.14285714285714285,0.037037037037037035
skipofit,12.0,11,1,37,0.2972972972972973,0.09090909090909091,0.02702702702702703
smart,1.0,1047,522,1366,0.7664714494875549,0.498567335243553,0.3821376281112738
smart,2.0,912,412,1219,0.7481542247744053,0.4517543859649123,0.3379819524200164
smart,10.0,1086,441,1448,0.75,0.40607734806629836,0.30455801104972374
smart,11.0,1188,600,1515,0.7841584158415842,0.5050505050505051,0.39603960396039606
smart,12.0,692,313,1016,0.6811023622047244,0.4523121387283237,0.3080708661417323
soleo,1.0,263,111,372,0.706989247311828,0.4220532319391635,0.29838709677419356
soleo,2.0,227,83,326,0.696319018404908,0.3656387665198238,0.254601226993865
soleo,10.0,262,88,502,0.5219123505976095,0.33587786259541985,0.1752988047808765
soleo,11.0,240,98,414,0.5797101449275363,0.4083333333333333,0.23671497584541062
soleo,12.0,173,74,270,0.6407407407407407,0.4277456647398844,0.2740740740740741
solomeya,1.0,1051,354,3125,0.33632,0.3368220742150333,0.11328
solomeya,2.0,1115,342,3278,0.3401464307504576,0.30672645739910315,0.10433190970103721
solomeya,10.0,1542,300,3669,0.42027800490596895,0.19455252918287938,0.08176614881439084
solomeya,11.0,1252,433,3820,0.32774869109947646,0.34584664536741216,0.11335078534031413
solomeya,12.0,1015,333,3522,0.2881885292447473,0.32807881773399017,0.09454855195911414
sophin,1.0,566,134,1472,0.3845108695652174,0.23674911660777384,0.09103260869565218
sophin,2.0,558,145,1463,0.3814080656185919,0.25985663082437277,0.09911141490088858
sophin,10.0,674,129,1371,0.49161196207148067,0.1913946587537092,0.09409190371991247
sophin,11.0,599,176,1518,0.3945981554677207,0.2938230383973289,0.11594202898550725
sophin,12.0,432,119,1250,0.3456,0.27546296296296297,0.0952
staleks,1.0,2590,894,5840,0.4434931506849315,0.34517374517374516,0.1530821917808219
staleks,2.0,2298,772,5443,0.42219364321146424,0.3359442993907746,0.14183354767591402
staleks,10.0,2221,657,5223,0.42523453953666474,0.29581269698334084,0.12578977599080987
staleks,11.0,2617,987,5952,0.43968413978494625,0.37714940771876193,0.1658266129032258
staleks,12.0,1930,701,4928,0.39163961038961037,0.3632124352331606,0.1422483766233766
strong,1.0,803,186,5370,0.1495344506517691,0.23163138231631383,0.034636871508379886
strong,2.0,696,157,4968,0.14009661835748793,0.22557471264367815,0.031602254428341386
strong,10.0,625,143,5130,0.12183235867446393,0.2288,0.027875243664717348
strong,11.0,801,199,5300,0.1511320754716981,0.2484394506866417,0.03754716981132075
strong,12.0,457,109,4495,0.10166852057842046,0.23851203501094093,0.02424916573971079
sun,1.0,4,0,141,0.028368794326241134,0.0,0.0
sun,2.0,9,0,100,0.09,0.0,0.0
sun,10.0,7,1,104,0.0673076923076923,0.14285714285714285,0.009615384615384616
sun,11.0,4,1,118,0.03389830508474576,0.25,0.00847457627118644
sun,12.0,4,0,113,0.035398230088495575,0.0,0.0
sunuv,1.0,156,47,1553,0.10045074050225371,0.30128205128205127,0.030264005151320026
sunuv,2.0,215,66,1825,0.1178082191780822,0.30697674418604654,0.03616438356164384
sunuv,10.0,647,191,3302,0.19594185342216838,0.29520865533230295,0.05784373107207753
sunuv,11.0,564,168,2987,0.18881821225309675,0.2978723404255319,0.056243722798794776
sunuv,12.0,132,45,1328,0.09939759036144578,0.3409090909090909,0.0338855421686747
supertan,1.0,113,43,70,1.6142857142857143,0.3805309734513274,0.6142857142857143
supertan,2.0,114,34,88,1.2954545454545454,0.2982456140350877,0.38636363636363635
supertan,10.0,104,36,90,1.1555555555555554,0.34615384615384615,0.4
supertan,11.0,100,43,62,1.6129032258064515,0.43,0.6935483870967742
supertan,12.0,64,24,55,1.1636363636363636,0.375,0.43636363636363634
swarovski,1.0,750,287,1114,0.6732495511669659,0.38266666666666665,0.25763016157989227
swarovski,2.0,676,231,1070,0.6317757009345795,0.34171597633136097,0.21588785046728973
swarovski,10.0,817,270,1189,0.6871320437342304,0.33047735618115054,0.2270815811606392
swarovski,11.0,1102,458,1295,0.850965250965251,0.41560798548094374,0.35366795366795367
swarovski,12.0,753,317,1082,0.6959334565619224,0.4209827357237716,0.2929759704251386
tannymaxx,1.0,108,33,265,0.4075471698113208,0.3055555555555556,0.12452830188679245
tannymaxx,2.0,107,21,272,0.39338235294117646,0.19626168224299065,0.07720588235294118
tannymaxx,10.0,59,19,169,0.34911242603550297,0.3220338983050847,0.11242603550295859
tannymaxx,11.0,57,21,145,0.3931034482758621,0.3684210526315789,0.14482758620689656
tannymaxx,12.0,57,22,156,0.36538461538461536,0.38596491228070173,0.14102564102564102
tazol,1.0,4,0,23,0.17391304347826086,0.0,0.0
tazol,2.0,8,1,25,0.32,0.125,0.04
tazol,10.0,28,6,51,0.5490196078431373,0.21428571428571427,0.11764705882352941
tazol,11.0,30,3,62,0.4838709677419355,0.1,0.04838709677419355
tazol,12.0,17,2,36,0.4722222222222222,0.11764705882352941,0.05555555555555555
termix,1.0,27,4,188,0.14361702127659576,0.14814814814814814,0.02127659574468085
termix,2.0,17,3,219,0.0776255707762557,0.17647058823529413,0.0136986301369863
tertio,1.0,165,25,436,0.37844036697247707,0.15151515151515152,0.05733944954128441
tertio,2.0,167,27,409,0.4083129584352078,0.16167664670658682,0.06601466992665037
tertio,10.0,226,45,544,0.41544117647058826,0.19911504424778761,0.08272058823529412
tertio,11.0,358,61,716,0.5,0.17039106145251395,0.08519553072625698
tertio,12.0,130,16,414,0.3140096618357488,0.12307692307692308,0.03864734299516908
thuya,1.0,331,96,1524,0.21719160104986876,0.29003021148036257,0.06299212598425197
thuya,2.0,313,96,1259,0.24861000794281177,0.30670926517571884,0.07625099285146943
thuya,10.0,349,86,1737,0.20092112838226828,0.24641833810888253,0.04951065054691998
thuya,11.0,225,77,1022,0.22015655577299412,0.3422222222222222,0.07534246575342465
thuya,12.0,244,74,1142,0.2136602451838879,0.30327868852459017,0.0647985989492119
tosowoong,1.0,2,1,28,0.07142857142857142,0.5,0.03571428571428571
tosowoong,2.0,0,0,14,0.0,0.0,0.0
tosowoong,10.0,11,4,26,0.4230769230769231,0.36363636363636365,0.15384615384615385
tosowoong,11.0,9,2,48,0.1875,0.2222222222222222,0.041666666666666664
tosowoong,12.0,7,3,24,0.2916666666666667,0.42857142857142855,0.125
treaclemoon,1.0,56,14,132,0.42424242424242425,0.25,0.10606060606060606
treaclemoon,2.0,115,38,198,0.5808080808080808,0.33043478260869563,0.1919191919191919
treaclemoon,10.0,122,20,192,0.6354166666666666,0.16393442622950818,0.10416666666666667
treaclemoon,11.0,76,18,142,0.5352112676056338,0.23684210526315788,0.1267605633802817
treaclemoon,12.0,69,21,141,0.48936170212765956,0.30434782608695654,0.14893617021276595
trind,1.0,115,41,518,0.222007722007722,0.3565217391304348,0.07915057915057915
trind,2.0,114,40,488,0.2336065573770492,0.3508771929824561,0.08196721311475409
trind,10.0,114,29,474,0.24050632911392406,0.2543859649122807,0.06118143459915612
trind,11.0,98,43,405,0.2419753086419753,0.4387755102040816,0.10617283950617284
trind,12.0,115,36,447,0.25727069351230425,0.3130434782608696,0.08053691275167785
uno,1.0,6314,2443,12461,0.5067009068293075,0.3869179600886918,0.19605168124548591
uno,2.0,5250,1938,11033,0.4758451916976344,0.36914285714285716,0.17565485362095531
uno,10.0,5697,1986,11428,0.49851242562128106,0.3486045286993154,0.17378368918445922
uno,11.0,7306,2841,12878,0.5673241186519646,0.38885847248836575,0.2206087901848113
uno,12.0,4573,1691,9896,0.46210590137429264,0.3697791384211677,0.17087712206952305
uralsoap,1.0,0,0,8,0.0,0.0,0.0
uralsoap,2.0,0,0,6,0.0,0.0,0.0
uralsoap,10.0,0,0,11,0.0,0.0,0.0
uralsoap,11.0,0,0,7,0.0,0.0,0.0
uralsoap,12.0,0,0,7,0.0,0.0,0.0
uskusi,1.0,1424,408,1948,0.731006160164271,0.28651685393258425,0.20944558521560575
uskusi,2.0,1232,342,1778,0.6929133858267716,0.2775974025974026,0.1923509561304837
uskusi,10.0,2248,519,3028,0.7424042272126816,0.23087188612099643,0.1714002642007926
uskusi,11.0,2023,691,2671,0.7573942343691501,0.34157192288680177,0.2587046050168476
uskusi,12.0,1194,309,1749,0.6826758147512865,0.25879396984924624,0.17667238421955403
veraclara,1.0,35,7,78,0.44871794871794873,0.2,0.08974358974358974
veraclara,2.0,33,11,49,0.673469387755102,0.3333333333333333,0.22448979591836735
veraclara,10.0,40,8,85,0.47058823529411764,0.2,0.09411764705882353
veraclara,11.0,39,12,70,0.5571428571428572,0.3076923076923077,0.17142857142857143
veraclara,12.0,40,14,82,0.4878048780487805,0.35,0.17073170731707318
vichy,2.0,96,20,520,0.18461538461538463,0.20833333333333334,0.038461538461538464
vilenta,1.0,133,37,228,0.5833333333333334,0.2781954887218045,0.16228070175438597
vilenta,2.0,60,15,135,0.4444444444444444,0.25,0.1111111111111111
vilenta,10.0,275,69,276,0.9963768115942029,0.2509090909090909,0.25
vilenta,11.0,285,93,405,0.7037037037037037,0.3263157894736842,0.22962962962962963
vilenta,12.0,152,49,212,0.7169811320754716,0.3223684210526316,0.23113207547169812
vl-gel,1.0,0,0,1,0.0,0.0,0.0
vl-gel,2.0,0,0,2,0.0,0.0,0.0
vl-gel,10.0,0,0,1,0.0,0.0,0.0
voesh,1.0,0,0,1,0.0,0.0,0.0
voesh,2.0,0,0,2,0.0,0.0,0.0
voesh,10.0,0,0,3,0.0,0.0,0.0
voesh,12.0,0,0,3,0.0,0.0,0.0
vosev,1.0,16,4,515,0.031067961165048542,0.25,0.007766990291262136
vosev,2.0,25,9,444,0.05630630630630631,0.36,0.02027027027027027
vosev,10.0,40,8,525,0.0761904761904762,0.2,0.015238095238095238
vosev,11.0,27,7,627,0.0430622009569378,0.25925925925925924,0.011164274322169059
vosev,12.0,26,9,530,0.04905660377358491,0.34615384615384615,0.016981132075471698
weaver,1.0,4,1,24,0.16666666666666666,0.25,0.041666666666666664
weaver,2.0,5,1,21,0.23809523809523808,0.2,0.047619047619047616
weaver,10.0,6,2,25,0.24,0.3333333333333333,0.08
weaver,11.0,5,2,17,0.29411764705882354,0.4,0.11764705882352941
weaver,12.0,3,0,29,0.10344827586206896,0.0,0.0
yllozure,1.0,291,82,635,0.4582677165354331,0.281786941580756,0.12913385826771653
yllozure,2.0,187,58,483,0.38716356107660455,0.31016042780748665,0.12008281573498965
yllozure,12.0,133,14,260,0.5115384615384615,0.10526315789473684,0.05384615384615385
yoko,1.0,2742,1027,5062,0.5416831291979455,0.37454412837345,0.20288423548004741
yoko,2.0,2603,947,4655,0.5591836734693878,0.3638109873223204,0.20343716433941997
yoko,10.0,2938,1012,4889,0.6009408877070975,0.3444520081688223,0.2069952955614645
yoko,11.0,3261,1303,5405,0.6033302497687326,0.3995706838393131,0.24107308048103607
yoko,12.0,2313,846,4174,0.5541447053186392,0.3657587548638132,0.20268327743172018
ypsed,1.0,34,18,227,0.14977973568281938,0.5294117647058824,0.07929515418502203
ypsed,2.0,27,10,153,0.17647058823529413,0.37037037037037035,0.06535947712418301
ypsed,10.0,75,18,270,0.2777777777777778,0.24,0.06666666666666667
ypsed,11.0,43,20,241,0.17842323651452283,0.46511627906976744,0.08298755186721991
ypsed,12.0,33,12,170,0.19411764705882353,0.36363636363636365,0.07058823529411765
yu-r,1.0,15,8,231,0.06493506493506493,0.5333333333333333,0.03463203463203463
yu-r,2.0,31,6,215,0.14418604651162792,0.1935483870967742,0.027906976744186046
yu-r,10.0,36,7,184,0.1956521739130435,0.19444444444444445,0.03804347826086957
yu-r,11.0,47,21,278,0.16906474820143885,0.44680851063829785,0.07553956834532374
yu-r,12.0,45,17,330,0.13636363636363635,0.37777777777777777,0.051515151515151514
zab,1.0,3,0,6,0.5,0.0,0.0
zab,2.0,4,0,7,0.5714285714285714,0.0,0.0
zab,10.0,9,0,22,0.4090909090909091,0.0,0.0
zab,11.0,1,0,12,0.08333333333333333,0.0,0.0
zab,12.0,1,0,13,0.07692307692307693,0.0,0.0
zeitun,1.0,223,52,763,0.29226736566186107,0.23318385650224216,0.06815203145478375
zeitun,2.0,229,51,725,0.3158620689655172,0.22270742358078602,0.0703448275862069
zeitun,10.0,384,54,801,0.4794007490636704,0.140625,0.06741573033707865
zeitun,11.0,342,123,900,0.38,0.35964912280701755,0.13666666666666666
zeitun,12.0,177,42,626,0.2827476038338658,0.23728813559322035,0.0670926517571885
zinger,1.0,4043,1635,7342,0.5506673930809044,0.4044026712837002,0.2226913647507491
zinger,2.0,3452,1344,6766,0.5101980490688738,0.38933951332560834,0.19864026012415018
zinger,10.0,4008,1478,6953,0.5764418236732346,0.3687624750499002,0.21257011362002012
zinger,11.0,3079,1308,5137,0.5993770683278178,0.4248132510555375,0.2546233210044773
zinger,12.0,2568,1011,5108,0.5027407987470635,0.39369158878504673,0.19792482380579482
