event_type,category_id,count
cart,1487580007675986893,319490
cart,1487580005595612013,231645
cart,1487580006317032337,226590
cart,1487580005671109489,211624
cart,1487580009286598681,203202
cart,1487580005092295511,190537
cart,1602943681873052386,161504
cart,1487580005134238553,120346
cart,1487580005268456287,115291
cart,1487580009445982239,108557
cart,1487580005754995573,102760
cart,1487580013841613016,84008
cart,1487580005427839846,83914
cart,1487580008145748965,80887
cart,1487580008246412266,78848
cart,1487580005713052531,76007
cart,1487580004916134735,74701
cart,1487580010100293687,74458
cart,1487580011585077370,73219
cart,1487580005511725929,71089
cart,2084144451428549153,70436
cart,1487580009311764506,68032
cart,1487580013522845895,59366
cart,1487580009471148064,55384
cart,1487580005050352469,51843
cart,1487580007634043851,44946
cart,1487580005553668971,42041
cart,1487580005461394279,41962
cart,1638456119066100510,41604
cart,1487580007256556476,39846
cart,1487580012096782476,38568
cart,1487580007432717250,38141
cart,1487580008263189483,35756
cart,1487580013581566154,34104
cart,1783999063314661546,32765
cart,1487580009605365797,31360
cart,2115334439910245200,30713
cart,1487580008187692007,30652
cart,1487580009387261981,30634
cart,2151191071051219817,30505
cart,1487580007717929935,29942
cart,1487580013950664926,29353
cart,1487580010796548183,29043
cart,1658462125284131265,28846
cart,1487580007852147670,28675
cart,1487580007281722301,26975
cart,1783999067156644376,26806
cart,1783999068909863670,26368
cart,1487580013858390233,26178
cart,2151191071378375538,25392
cart,1487580007910867929,25089
cart,1487580004857414477,23586
cart,1487580013011140782,23578
cart,1487580013053083824,23378
cart,1487580005411062629,23318
cart,1487580010628776014,22966
cart,1487580007936033754,22145
cart,1487580006300255120,21937
cart,1487580013069861041,21446
cart,1487580011627020412,21083
cart,1487580007306888126,20989
cart,1487580009496313889,20867
cart,1487580005008409427,20531
cart,1783999064136745198,20302
cart,1487580007575323592,20239
cart,1487580004832248652,19460
cart,1897124478404526487,19450
cart,1487580006350586771,19171
cart,1487580011652186237,19111
cart,1487580006551913373,18578
cart,1487580013640286413,18442
cart,1487580009143992338,18358
cart,1511892746070131099,17682
cart,1487580011383750769,17617
cart,1783999072332415142,17313
cart,1487580010872045658,17151
cart,1487580008800059394,16852
cart,1487580004882580302,16739
cart,1487580006509970331,16418
cart,1487580009051717646,16351
cart,1487580010821714008,16139
cart,2007399943458784057,16066
cart,1487580010125459512,15982
cart,1487580009362096156,15791
cart,1487580008657454075,15583
cart,2195085255034011676,15551
cart,1783999064103190764,15537
cart,1487580008288355308,15510
cart,1487580012927254698,15438
cart,1487580008313521133,15293
cart,1487580013388628160,15270
cart,1487580011702517887,15233
cart,1487580013749338323,14795
cart,1783999071199952917,14738
cart,2140803113261466607,13899
cart,1487580007952810971,13754
cart,1487580007659209676,13393
cart,1605161575889502297,13115
cart,1487580011283087468,12930
cart,2151191071118328683,12527
cart,1487580007483048900,12438
cart,1487580006132482952,12167
cart,1487580006895846315,12064
cart,1525995662934540829,11973
cart,1924049110428549877,11965
cart,1487580012969197740,11935
cart,1487580009202712597,11882
cart,1487580012994363565,11767
cart,2055161088059638328,11516
cart,1487580010645553231,11354
cart,2193074740552270669,11299
cart,1487580013539623112,11273
cart,1487580005067129686,10745
cart,1891434214553813877,10598
cart,1487580013027917999,10563
cart,1487580012902088873,10323
cart,1487580013506068678,10225
cart,1487580009261432856,10152
cart,1487580013279576251,10149
cart,2196456817641391019,9946
cart,1487580006962955182,9907
cart,1487580008347075566,9883
cart,1487580011853512836,9866
cart,1783999068867920626,9685
cart,1487580007592100809,9651
cart,1487580009227878422,9543
cart,1487580007776650194,9531
cart,1487580008447738866,9380
cart,1487580007399162817,9374
cart,1487580013489291461,9141
cart,1487580009521479714,9085
cart,1487580013472514244,8832
cart,1924049106385240809,8726
cart,1487580005855658874,8637
cart,1487580006409307030,8539
cart,1487580005528503146,8477
cart,1487580013413793985,8418
cart,1542195323827388674,8237
cart,1487580008112194531,8157
cart,1487580010561667147,8102
cart,1597770225539875791,8071
cart,1487580011677352062,7920
cart,1487580011534745720,7785
cart,1487580011501191286,7494
cart,2069804417665728971,7318
cart,2141560642253881670,7286
cart,1487580012574933146,7230
cart,1487580011408916594,7211
cart,1487580013732561106,7080
cart,2151191070908613477,7065
cart,2151191070984110951,7047
cart,1487580007550157767,6911
cart,1487580011425693811,6898
cart,1842735758805303837,6874
cart,1487580010779770966,6503
cart,1487580012021285001,6437
cart,1487580013170524342,6328
cart,1487580009622143014,6216
cart,1487580013145358517,6117
cart,1487580012373606546,6101
cart,2177933350667289121,6041
cart,1495705810662064688,5792
cart,1937169073007756269,5752
cart,1487580013229244601,5660
cart,1487580006644188066,5626
cart,1842735760499802745,5623
cart,1921723491720102387,5557
cart,1487580009076883471,5540
cart,1487580008774893569,5510
cart,2134354342373753638,5473
cart,1487580010754605141,5387
cart,1487580007457883075,5374
cart,1977575787259232875,5357
cart,1487580012591710363,5308
cart,1487580005385896804,5214
cart,1487580011308253293,5176
cart,1487580008607122425,5073
cart,1487580012642042013,4992
cart,1783999071325782053,4986
cart,2029082628195353599,4948
cart,1783999073758478650,4924
cart,1487580013824835799,4823
cart,1526733091857498510,4813
cart,1487580014009385185,4747
cart,2195085258272014535,4713
cart,1487580008758116352,4686
cart,1487580012524601496,4668
cart,1783999064069636330,4602
cart,1487580006241534861,4562
cart,1487580006937789357,4546
cart,1487580013212467384,4492
cart,2089259162625114209,4470
cart,1487580008162526182,4465
cart,1752742615205281895,4459
cart,2018395024110125980,4445
cart,2035665444290953519,4431
cart,1891434351850160381,4364
cart,1487580010318397504,4362
cart,1487580012683985055,4345
cart,1487580011157258342,4336
cart,1516331853567492962,4261
cart,1487580011996119176,4228
cart,1487580007365608384,4155
cart,1487580013254410426,4049
cart,1487580005897601916,3908
cart,1487580009336930331,3891
cart,1487580007835370453,3881
cart,1487580013615120588,3796
cart,1495705810729173554,3788
cart,1487580009571811364,3757
cart,1487580012121948301,3733
cart,1487580006434472855,3695
cart,1487580007189447609,3623
cart,1487580013430571202,3582
cart,1487580006451250072,3549
cart,1487580008816836611,3449
cart,1487580006526747548,3305
cart,1982860263572898112,3265
cart,2114584564549550293,3265
cart,1783999076551885399,3206
cart,1761186209054327497,3199
cart,1487580013799669974,3158
cart,1487580013690618064,3141
cart,1645114480121610699,3034
cart,1871018959927509750,2954
cart,1487580009177546772,2924
cart,1720400165430363096,2882
cart,1487580008984608779,2687
cart,1487580013086638258,2652
cart,1958278551207674674,2620
cart,1487580011098538083,2614
cart,2195085255176618020,2563
cart,1487580007759872977,2544
cart,1487580010268065854,2527
cart,1487580011970953351,2524
cart,1487580009672474664,2503
cart,1487580010737827924,2474
cart,1487580013128581300,2466
cart,1487580009026551821,2436
cart,1487580012205834384,2419
cart,1487580013296353468,2352
cart,1814592470537732872,2344
cart,1487580012717539489,2315
cart,1487580012432326804,2312
cart,1819693959081886239,2311
cart,1487580009118826513,2306
cart,1487580010922377308,2290
cart,2193074740619379535,2267
cart,1487580010242900029,2204
cart,1487580007877313495,2184
cart,2029731308699124089,2165
cart,1911999801088541491,2157
cart,1558526315760452545,2127
cart,1715102762414375164,2108
cart,1487580013657063630,2107
cart,1982860244379763042,2106
cart,1933472286753424063,2094
cart,1933364344720982871,2086
cart,1495705810704007729,2031
cart,1487580006073762693,1969
cart,1487580010377117763,1966
cart,1897124469017673788,1874
cart,1487580009546645539,1864
cart,1487580006199591819,1861
cart,1487580011903844485,1859
cart,1487580010335174721,1816
cart,1597769965795017114,1816
cart,1487580010293231679,1716
cart,1897124495995438074,1716
cart,1487580011182424167,1698
cart,1487580013900333275,1685
cart,1487580007214613434,1679
cart,2095736144888071137,1672
cart,1487580011517968503,1671
cart,1487580011476025461,1668
cart,1487580010217734204,1654
cart,1783999073792033086,1591
cart,1897124489259385629,1590
cart,1487580008087028706,1550
cart,1752742606699234159,1545
cart,2013754353822728372,1528
cart,1487580013321519293,1500
cart,1715102773747384334,1460
cart,1911999801642189621,1457
cart,2151191059751764547,1445
cart,1648815651034235876,1400
cart,1487580012457492629,1373
cart,1998040852064109417,1351
cart,1487580013338296510,1305
cart,1487580007072007091,1298
cart,2187790129827939246,1289
cart,1791442895991997390,1285
cart,1783999072365969578,1283
cart,1487580012952420523,1279
cart,2093602042093240877,1263
cart,1487580005486560104,1227
cart,1487580005838881657,1226
cart,1487580008909111303,1218
cart,1487580012172279951,1202
cart,1487580007524991942,1190
cart,1487580007046841266,1189
cart,1604427094756950459,1183
cart,1487580010846879833,1166
cart,2164688961165852944,1164
cart,1998040849203594085,1124
cart,2193074740686488401,1096
cart,1487580008699397117,1074
cart,2151191075757228942,1066
cart,2106514244437541443,1056
cart,1487580008011531230,1055
cart,2195085255117897760,1055
cart,1532652067498229876,1047
cart,1487580007172670392,1037
cart,1487580010721050707,1037
cart,1487580007894090712,1024
cart,2196456817758831535,1019
cart,1783999063574708423,1012
cart,1660394382047576308,992
cart,1783999064036081896,962
cart,1559261858748170632,960
cart,1543705961326182546,949
cart,1487580007021675441,941
cart,1554383493545328915,941
cart,2106514244487873093,936
cart,1487580010695884882,925
cart,1487580011786403970,924
cart,1588205336064425989,898
cart,1487580008053474272,891
cart,1487580007986365405,870
cart,1487580013917110492,845
cart,2193074740493550411,845
cart,1487580005629166447,839
cart,2018287324474901238,833
cart,1783999072407912622,827
cart,1487580011752849537,817
cart,1487580011241144426,815
cart,1797122099068797194,808
cart,1842735764509557576,806
cart,1783999064170299632,800
cart,2130081478220972046,791
cart,1487580008422573041,788
cart,1487580010662330448,767
cart,1801635223591453292,763
cart,1791442849384891169,751
cart,1977786601392047073,715
cart,1487580006627410849,700
cart,1487580010192568379,678
cart,1487580008028308447,675
cart,1487580012616876188,666
cart,2235524499636224267,666
cart,1487580007701152718,646
cart,1804383582576181309,640
cart,1921723506584715388,638
cart,1783999076535108182,635
cart,1487580011945787526,634
cart,1858245586344477369,601
cart,2121383893343929118,580
cart,2055368408169447599,571
cart,1759024699007828783,570
cart,1487580010955931741,567
cart,1487580006015042434,551
cart,1487580011333419118,543
cart,1944358258223350494,538
cart,1805953852441101266,533
cart,2069171133327868014,520
cart,1725504706412807026,515
cart,1487580006979732399,511
cart,1842735768846467167,505
cart,1487580013992607968,489
cart,1487580005880824699,487
cart,1487580007097172916,480
cart,1487580006870680490,472
cart,2094448780651791052,463
cart,1487580006098928518,448
cart,1487580008070251489,448
cart,1926797403503985079,410
cart,1487580007139115958,404
cart,1487580005343953762,382
cart,1487580005293622112,381
cart,1487580012784648356,381
cart,1584505206060614455,379
cart,1487580012876923048,370
cart,1487580007113950133,365
cart,1487580011601854587,358
cart,2235524494015856752,342
cart,1889472915104072007,330
cart,2071303198680810125,328
cart,1487580007004898224,320
cart,2068966806634103136,320
cart,1487580006484804506,319
cart,1977683390215749955,315
cart,1487580006820348840,310
cart,1487580006056985476,307
cart,1487580008858779653,290
cart,1487580012809814181,283
cart,1924049287554007223,283
cart,2028340285225828822,273
cart,2154396123597373922,273
cart,1487580012147114126,262
cart,2235524499216793855,262
cart,2020400296164851991,244
cart,1487580006711296933,236
cart,1911999948073730325,233
cart,1998040850688377703,232
cart,2151191059827262021,232
cart,2145935122136826354,231
cart,1962525126503170858,218
cart,2022516588854378951,215
cart,1487580009974464562,206
cart,1487580011031429216,203
cart,1487580006568690590,199
cart,1487580005025186644,195
cart,1487580009647308839,189
cart,1487580012734316706,167
cart,1962525462299148572,167
cart,1810470908326838736,164
cart,1487580005922767741,163
cart,2155132423103316327,162
cart,1487580014042939619,156
cart,1783999067181810204,156
cart,1487580006845514665,155
cart,1487580004983243602,152
cart,1752742610406999036,147
cart,2195085258179739843,136
cart,1911999884991397970,106
cart,1962525118928257818,94
cart,1487580006157648777,87
cart,1487580004941300560,84
cart,1487580012071616651,83
cart,2134354356349173879,81
cart,2027602240612598357,78
cart,1487580012507824279,75
cart,2195085258339123402,73
cart,1657722039387029886,72
cart,1936327050549789532,68
cart,2187686850687140020,66
cart,1977575775473238831,65
cart,1987724780047958178,65
cart,1913479463425802701,64
cart,1487580009823469613,60
cart,1628099626433249931,57
cart,1487580010150625337,54
cart,2222113024708182273,52
cart,2060156961931919712,51
cart,1487580006174425994,49
cart,2069804424703771380,49
cart,1759024698982662957,46
cart,1487580005318787937,45
cart,1487580010360340546,45
cart,1547480590851244887,42
cart,2022622168218599898,42
cart,1487580012759482531,40
cart,1487580008128971748,38
cart,1487580008590345208,33
cart,1487580010075127862,28
cart,1487580008951054345,27
cart,1487580009798303788,23
cart,1604427145138930210,21
cart,1487580013933887709,20
cart,2242903426784559183,20
cart,1487580012046450826,18
cart,1805953965678920077,18
cart,1487580013564788937,15
cart,1842735764450837316,14
cart,1487580011450859636,12
cart,1487580004807082827,11
cart,1487580005998265217,7
cart,1487580011828347011,7
cart,1752742617696698537,5
cart,2166295400451933025,5
cart,1487580004966466385,4
cart,1791442703716712702,4
cart,2053031020655018687,1
purchase,1487580007675986893,80137
purchase,1487580006317032337,50555
purchase,1487580005092295511,44870
purchase,1487580005595612013,44334
purchase,1487580005671109489,43452
purchase,1602943681873052386,36216
purchase,1487580009286598681,33862
purchase,1487580005268456287,30450
purchase,1487580005134238553,25702
purchase,1487580009445982239,24142
purchase,1487580005754995573,20449
purchase,1487580008145748965,20007
purchase,1487580010100293687,18855
purchase,1487580005427839846,16667
purchase,1487580008246412266,16571
purchase,1487580011585077370,15227
purchase,1487580004916134735,15112
purchase,2084144451428549153,14930
purchase,1487580013841613016,14918
purchase,1487580005713052531,14116
purchase,1487580005511725929,14106
purchase,1487580007634043851,13200
purchase,1487580009311764506,12596
purchase,1487580009471148064,12547
purchase,1487580013522845895,10665
purchase,1487580005050352469,10512
purchase,1487580007256556476,9946
purchase,1487580013581566154,9916
purchase,1487580009387261981,9831
purchase,1487580007281722301,9492
purchase,1487580005553668971,9458
purchase,1487580012096782476,9023
purchase,1487580007432717250,8980
purchase,1487580008187692007,8719
purchase,1487580010796548183,8610
purchase,1487580005461394279,8429
purchase,1487580009605365797,8135
purchase,1638456119066100510,7804
purchase,1783999063314661546,7667
purchase,1487580008263189483,7605
purchase,1487580007717929935,7509
purchase,1783999068909863670,7247
purchase,1487580006551913373,6784
purchase,1487580013011140782,6742
purchase,1783999067156644376,6553
purchase,1487580007306888126,6461
purchase,1487580007852147670,6370
purchase,1487580013053083824,6327
purchase,2151191071378375538,6265
purchase,1487580013858390233,6081
purchase,1487580006509970331,6063
purchase,1487580013950664926,5897
purchase,2115334439910245200,5871
purchase,2151191071051219817,5850
purchase,1487580007910867929,5830
purchase,1487580009496313889,5662
purchase,1487580007936033754,5467
purchase,1487580010628776014,5459
purchase,1658462125284131265,5409
purchase,1487580011383750769,5215
purchase,1487580013069861041,5189
purchase,1487580007575323592,4998
purchase,2195085255034011676,4980
purchase,1487580010125459512,4977
purchase,2007399943458784057,4966
purchase,1783999064136745198,4928
purchase,1487580010821714008,4841
purchase,1487580010872045658,4751
purchase,1897124478404526487,4588
purchase,1487580009362096156,4393
purchase,1487580011627020412,4301
purchase,2055161088059638328,4251
purchase,1487580005411062629,4196
purchase,1487580011652186237,4137
purchase,1487580006350586771,4000
purchase,1783999064103190764,3868
purchase,1487580004857414477,3860
purchase,1605161575889502297,3839
purchase,1487580006300255120,3810
purchase,1783999071199952917,3737
purchase,2140803113261466607,3718
purchase,1783999072332415142,3692
purchase,2193074740552270669,3616
purchase,1487580011283087468,3548
purchase,1487580007952810971,3513
purchase,1487580009143992338,3512
purchase,1487580013640286413,3381
purchase,1487580007659209676,3361
purchase,1487580013388628160,3338
purchase,1487580013749338323,3311
purchase,1487580012927254698,3301
purchase,1487580008313521133,3258
purchase,1487580012969197740,3242
purchase,1487580008288355308,3220
purchase,1487580012994363565,3177
purchase,1487580006895846315,3158
purchase,1487580004882580302,3157
purchase,1487580009051717646,3137
purchase,1487580008657454075,3118
purchase,1487580005008409427,3114
purchase,1487580013027917999,3076
purchase,1511892746070131099,3039
purchase,1487580011702517887,3030
purchase,1487580007592100809,3001
purchase,1487580004832248652,2957
purchase,2151191071118328683,2892
purchase,1487580007776650194,2861
purchase,1487580013539623112,2837
purchase,1487580007483048900,2680
purchase,1487580012902088873,2662
purchase,1487580011853512836,2562
purchase,1487580005855658874,2510
purchase,1487580010645553231,2480
purchase,2196456817641391019,2462
purchase,1487580006409307030,2444
purchase,1487580006962955182,2386
purchase,1487580006132482952,2363
purchase,1487580007399162817,2324
purchase,1487580009521479714,2307
purchase,1487580009227878422,2297
purchase,1487580005067129686,2273
purchase,1487580011501191286,2253
purchase,1487580008447738866,2251
purchase,1487580011425693811,2209
purchase,1891434214553813877,2181
purchase,1487580013489291461,2175
purchase,1487580008800059394,2148
purchase,1487580013506068678,2044
purchase,1487580013413793985,1975
purchase,1487580009261432856,1963
purchase,1924049110428549877,1934
purchase,1487580011408916594,1906
purchase,1783999068867920626,1898
purchase,1487580008112194531,1896
purchase,1487580009202712597,1890
purchase,1487580011534745720,1860
purchase,1487580010779770966,1855
purchase,1597770225539875791,1835
purchase,1525995662934540829,1820
purchase,1487580008347075566,1770
purchase,1487580013279576251,1719
purchase,2151191070908613477,1621
purchase,1487580013472514244,1619
purchase,1487580010561667147,1618
purchase,1487580011677352062,1595
purchase,1487580005528503146,1519
purchase,1487580012373606546,1512
purchase,2141560642253881670,1508
purchase,1487580012021285001,1503
purchase,1487580007550157767,1485
purchase,2195085258272014535,1456
purchase,1487580012574933146,1455
purchase,1542195323827388674,1440
purchase,1487580013145358517,1435
purchase,1487580013170524342,1432
purchase,1487580013824835799,1430
purchase,1487580009622143014,1429
purchase,1487580006644188066,1420
purchase,2151191070984110951,1417
purchase,1752742615205281895,1413
purchase,1487580012591710363,1349
purchase,1487580008774893569,1330
purchase,1487580011157258342,1260
purchase,1783999071325782053,1254
purchase,2029082628195353599,1246
purchase,1924049106385240809,1236
purchase,1495705810662064688,1235
purchase,1516331853567492962,1226
purchase,1487580011308253293,1181
purchase,1921723491720102387,1162
purchase,1487580013732561106,1149
purchase,1842735760499802745,1139
purchase,1977575787259232875,1135
purchase,1842735758805303837,1096
purchase,1487580012642042013,1091
purchase,1487580010754605141,1086
purchase,1487580014009385185,1085
purchase,1487580007457883075,1073
purchase,1487580008816836611,1060
purchase,1487580010318397504,1057
purchase,1487580006937789357,1054
purchase,1487580008758116352,1054
purchase,1487580006241534861,1040
purchase,1487580012524601496,1021
purchase,1783999073758478650,1021
purchase,1783999064069636330,1020
purchase,1487580011996119176,1017
purchase,1487580006451250072,1007
purchase,1487580006434472855,999
purchase,1487580006526747548,991
purchase,1487580013615120588,990
purchase,1487580005897601916,972
purchase,1937169073007756269,972
purchase,1487580008162526182,962
purchase,2018395024110125980,937
purchase,1487580007835370453,934
purchase,1487580007189447609,927
purchase,1487580012121948301,923
purchase,1891434351850160381,920
purchase,2134354342373753638,919
purchase,1487580009571811364,893
purchase,2069804417665728971,891
purchase,1645114480121610699,889
purchase,1487580012683985055,886
purchase,1487580013229244601,848
purchase,2177933350667289121,841
purchase,1487580013212467384,828
purchase,1487580013254410426,797
purchase,1958278551207674674,776
purchase,2035665444290953519,767
purchase,1495705810729173554,766
purchase,2195085255176618020,758
purchase,1720400165430363096,757
purchase,1487580010268065854,745
purchase,1487580005385896804,743
purchase,1783999076551885399,742
purchase,1487580013430571202,740
purchase,1487580009076883471,721
purchase,1487580011476025461,717
purchase,1487580009177546772,715
purchase,2089259162625114209,715
purchase,1487580009336930331,690
purchase,1487580011970953351,686
purchase,1982860263572898112,678
purchase,1487580013799669974,669
purchase,1526733091857498510,669
purchase,1487580010737827924,658
purchase,1487580007365608384,656
purchase,1487580010922377308,644
purchase,1487580011098538083,620
purchase,1487580013690618064,620
purchase,1487580006199591819,614
purchase,1487580007877313495,611
purchase,1715102762414375164,611
purchase,1761186209054327497,598
purchase,1487580012432326804,579
purchase,2029731308699124089,570
purchase,1487580007759872977,557
purchase,1487580012205834384,553
purchase,1487580011182424167,513
purchase,1487580006073762693,504
purchase,1487580008607122425,504
purchase,1487580013086638258,493
purchase,1487580013128581300,492
purchase,1487580009546645539,466
purchase,1487580010242900029,464
purchase,1487580009118826513,460
purchase,2114584564549550293,460
purchase,1487580008984608779,452
purchase,1558526315760452545,451
purchase,1819693959081886239,446
purchase,1487580009026551821,443
purchase,1495705810704007729,441
purchase,1487580012717539489,434
purchase,1487580011903844485,432
purchase,1487580011517968503,421
purchase,1487580010335174721,417
purchase,1487580013296353468,409
purchase,1487580010293231679,397
purchase,1487580010377117763,397
purchase,1487580008087028706,395
purchase,1897124495995438074,395
purchase,1715102773747384334,390
purchase,1487580012952420523,384
purchase,1487580007214613434,357
purchase,2151191059751764547,348
purchase,1487580009672474664,346
purchase,1487580008909111303,339
purchase,1487580010217734204,338
purchase,1911999801088541491,338
purchase,2195085255117897760,337
purchase,1814592470537732872,326
purchase,1871018959927509750,325
purchase,2187790129827939246,317
purchase,1487580010846879833,311
purchase,1791442895991997390,311
purchase,1487580007072007091,309
purchase,1487580007172670392,300
purchase,1532652067498229876,300
purchase,2106514244437541443,296
purchase,1660394382047576308,295
purchase,2193074740619379535,293
purchase,1487580013657063630,291
purchase,1487580007046841266,287
purchase,1897124489259385629,287
purchase,2093602042093240877,287
purchase,1783999073792033086,284
purchase,1487580012457492629,275
purchase,1487580013338296510,272
purchase,2151191075757228942,270
purchase,1998040852064109417,266
purchase,2196456817758831535,263
purchase,1487580013321519293,261
purchase,1982860244379763042,259
purchase,1554383493545328915,247
purchase,2106514244487873093,247
purchase,1559261858748170632,245
purchase,1487580012172279951,243
purchase,2095736144888071137,243
purchase,2193074740686488401,243
purchase,1487580010721050707,242
purchase,1487580008011531230,240
purchase,1648815651034235876,240
purchase,1998040849203594085,237
purchase,1911999801642189621,232
purchase,1933472286753424063,232
purchase,1487580011786403970,229
purchase,2164688961165852944,229
purchase,1597769965795017114,227
purchase,1783999063574708423,227
purchase,1487580007021675441,226
purchase,1543705961326182546,225
purchase,1487580005838881657,219
purchase,1487580011752849537,217
purchase,1791442849384891169,216
purchase,1487580005486560104,203
purchase,2193074740493550411,203
purchase,1897124469017673788,192
purchase,2018287324474901238,191
purchase,1588205336064425989,185
purchase,1487580007894090712,184
purchase,1487580013900333275,184
purchase,1487580010695884882,182
purchase,1487580008053474272,179
purchase,1487580011945787526,177
purchase,1783999072365969578,177
purchase,1783999064036081896,175
purchase,1487580007524991942,172
purchase,1487580008699397117,170
purchase,2130081478220972046,170
purchase,2013754353822728372,167
purchase,1487580010662330448,165
purchase,2069171133327868014,165
purchase,1783999064170299632,164
purchase,1805953852441101266,163
purchase,1487580007986365405,161
purchase,1487580013917110492,160
purchase,1487580006015042434,155
purchase,1487580006627410849,154
purchase,1487580011241144426,154
purchase,2235524499636224267,152
purchase,1487580006979732399,150
purchase,1604427094756950459,150
purchase,1487580010955931741,149
purchase,1933364344720982871,147
purchase,1801635223591453292,144
purchase,1487580005880824699,143
purchase,1487580008028308447,143
purchase,1842735764509557576,141
purchase,1487580007097172916,137
purchase,1487580005629166447,136
purchase,1487580008422573041,135
purchase,1487580010192568379,134
purchase,1783999072407912622,133
purchase,1921723506584715388,132
purchase,1725504706412807026,130
purchase,1487580011333419118,129
purchase,1804383582576181309,126
purchase,1487580012616876188,116
purchase,1487580006098928518,111
purchase,1797122099068797194,109
purchase,1487580007701152718,105
purchase,1783999076535108182,104
purchase,2071303198680810125,103
purchase,1487580013992607968,102
purchase,1487580006870680490,101
purchase,1842735768846467167,101
purchase,1944358258223350494,98
purchase,1487580007139115958,97
purchase,1487580006484804506,95
purchase,1759024699007828783,95
purchase,1487580006056985476,94
purchase,2055368408169447599,90
purchase,1584505206060614455,88
purchase,1487580011601854587,83
purchase,1752742606699234159,82
purchase,2068966806634103136,82
purchase,1487580012809814181,80
purchase,1926797403503985079,80
purchase,1858245586344477369,79
purchase,2121383893343929118,75
purchase,2154396123597373922,75
purchase,1487580012876923048,74
purchase,1487580007113950133,71
purchase,2028340285225828822,71
purchase,1487580005293622112,70
purchase,1487580008858779653,66
purchase,1487580012784648356,65
purchase,1889472915104072007,64
purchase,2235524494015856752,63
purchase,2151191059827262021,60
purchase,1487580008070251489,58
purchase,1487580005343953762,57
purchase,1977683390215749955,55
purchase,1487580014042939619,54
purchase,1487580006711296933,50
purchase,1487580006820348840,49
purchase,2020400296164851991,49
purchase,1487580005922767741,46
purchase,2022516588854378951,46
purchase,1487580009974464562,45
purchase,2235524499216793855,44
purchase,1998040850688377703,40
purchase,1487580006568690590,39
purchase,1487580007004898224,38
purchase,1487580011031429216,38
purchase,1487580012147114126,37
purchase,1783999067181810204,36
purchase,1924049287554007223,35
purchase,1911999948073730325,34
purchase,2155132423103316327,29
purchase,1962525126503170858,28
purchase,2094448780651791052,28
purchase,2195085258179739843,28
purchase,1810470908326838736,26
purchase,1487580006845514665,24
purchase,2187686850687140020,24
purchase,1911999884991397970,22
purchase,1977786601392047073,22
purchase,2145935122136826354,22
purchase,1487580009647308839,20
purchase,1487580012734316706,19
purchase,2134354356349173879,19
purchase,1657722039387029886,17
purchase,1936327050549789532,17
purchase,1487580005025186644,16
purchase,1487580012507824279,16
purchase,1752742610406999036,16
purchase,2027602240612598357,16
purchase,1487580009823469613,14
purchase,1487580006174425994,13
purchase,2222113024708182273,12
purchase,1487580012071616651,11
purchase,1962525462299148572,11
purchase,1487580004941300560,10
purchase,1977575775473238831,10
purchase,2195085258339123402,10
purchase,1987724780047958178,9
purchase,2060156961931919712,9
purchase,1487580010150625337,8
purchase,1759024698982662957,8
purchase,2069804424703771380,8
purchase,1487580004983243602,6
purchase,1487580008590345208,6
purchase,1487580010075127862,6
purchase,1487580010360340546,6
purchase,1487580008128971748,5
purchase,1487580009798303788,5
purchase,1487580012759482531,5
purchase,1487580004807082827,4
purchase,1487580013933887709,4
purchase,1547480590851244887,4
purchase,2242903426784559183,4
purchase,1487580005998265217,3
purchase,1604427145138930210,3
purchase,1628099626433249931,3
purchase,1805953965678920077,3
purchase,1913479463425802701,3
purchase,1962525118928257818,3
purchase,2022622168218599898,3
purchase,1487580006157648777,2
purchase,1487580012046450826,2
purchase,1487580005318787937,1
purchase,1487580008951054345,1
purchase,1487580013564788937,1
purchase,1752742617696698537,1
purchase,1842735764450837316,1
purchase,2166295400451933025,1
remove_from_cart,1487580007675986893,239142
remove_from_cart,1487580005595612013,206398
remove_from_cart,1487580005671109489,194495
remove_from_cart,1487580006317032337,147630
remove_from_cart,1487580005092295511,140787
remove_from_cart,1602943681873052386,116573
remove_from_cart,1487580005134238553,115307
remove_from_cart,1487580005754995573,102310
remove_from_cart,1487580005268456287,81764
remove_from_cart,1487580005427839846,74193
remove_from_cart,1487580005713052531,68855
remove_from_cart,1487580004916134735,65763
remove_from_cart,1487580009286598681,64342
remove_from_cart,1487580005511725929,63939
remove_from_cart,2084144451428549153,60471
remove_from_cart,1487580008145748965,53355
remove_from_cart,1487580009445982239,50410
remove_from_cart,1487580008246412266,47477
remove_from_cart,1487580005050352469,46029
remove_from_cart,1487580011585077370,43648
remove_from_cart,1487580010100293687,43036
remove_from_cart,1487580013841613016,41519
remove_from_cart,1638456119066100510,37319
remove_from_cart,1487580005461394279,34390
remove_from_cart,1487580007634043851,33142
remove_from_cart,1487580007432717250,30768
remove_from_cart,1487580009471148064,29326
remove_from_cart,1487580013522845895,28444
remove_from_cart,1487580005553668971,27937
remove_from_cart,1658462125284131265,25642
remove_from_cart,1783999063314661546,25552
remove_from_cart,1487580009311764506,24741
remove_from_cart,1487580004857414477,23421
remove_from_cart,2115334439910245200,23343
remove_from_cart,1487580012096782476,23264
remove_from_cart,1487580007256556476,22343
remove_from_cart,1487580008263189483,20468
remove_from_cart,1487580013950664926,20140
remove_from_cart,1487580008187692007,20079
remove_from_cart,1487580007717929935,19728
remove_from_cart,1487580009387261981,19639
remove_from_cart,1487580013581566154,19533
remove_from_cart,1487580009605365797,19389
remove_from_cart,1487580010628776014,19038
remove_from_cart,1487580010796548183,18935
remove_from_cart,2151191071051219817,18076
remove_from_cart,1487580005008409427,17654
remove_from_cart,1487580007910867929,16529
remove_from_cart,1487580007281722301,16304
remove_from_cart,1487580005411062629,16272
remove_from_cart,1897124478404526487,16249
remove_from_cart,1487580007852147670,16247
remove_from_cart,1783999068909863670,16104
remove_from_cart,1487580004832248652,15979
remove_from_cart,1783999067156644376,15831
remove_from_cart,1783999064136745198,15525
remove_from_cart,1511892746070131099,14474
remove_from_cart,1487580007575323592,14462
remove_from_cart,1487580006300255120,14043
remove_from_cart,1487580008800059394,14016
remove_from_cart,1487580011383750769,13770
remove_from_cart,2151191071378375538,13721
remove_from_cart,1487580004882580302,13341
remove_from_cart,1487580009496313889,12905
remove_from_cart,1487580007306888126,12903
remove_from_cart,1487580011652186237,12797
remove_from_cart,1487580007936033754,12552
remove_from_cart,1487580006350586771,12225
remove_from_cart,1487580013069861041,12069
remove_from_cart,1487580009051717646,11953
remove_from_cart,1487580010872045658,11897
remove_from_cart,1487580010821714008,11732
remove_from_cart,1487580011627020412,11431
remove_from_cart,1783999071199952917,11372
remove_from_cart,1783999064103190764,11229
remove_from_cart,1487580005067129686,11124
remove_from_cart,1487580013858390233,11103
remove_from_cart,1487580013011140782,10974
remove_from_cart,1783999072332415142,10900
remove_from_cart,2007399943458784057,10653
remove_from_cart,1487580006551913373,10605
remove_from_cart,1487580008657454075,10596
remove_from_cart,1525995662934540829,10515
remove_from_cart,1487580007483048900,10320
remove_from_cart,1487580009143992338,9943
remove_from_cart,1487580010125459512,9811
remove_from_cart,1487580007659209676,9739
remove_from_cart,1487580012994363565,9627
remove_from_cart,1487580011702517887,9554
remove_from_cart,1487580008313521133,9491
remove_from_cart,1487580013053083824,9424
remove_from_cart,1924049110428549877,9215
remove_from_cart,1891434214553813877,9145
remove_from_cart,1487580012927254698,9123
remove_from_cart,1487580012969197740,9105
remove_from_cart,1487580008288355308,9084
remove_from_cart,2195085255034011676,8920
remove_from_cart,1487580013388628160,8886
remove_from_cart,1487580006962955182,8771
remove_from_cart,1605161575889502297,8727
remove_from_cart,1487580007952810971,8631
remove_from_cart,1487580006895846315,8497
remove_from_cart,1487580010645553231,8161
remove_from_cart,2055161088059638328,7964
remove_from_cart,1487580006509970331,7905
remove_from_cart,1487580011283087468,7844
remove_from_cart,1487580008347075566,7662
remove_from_cart,1487580013749338323,7403
remove_from_cart,2140803113261466607,7268
remove_from_cart,1487580007399162817,7180
remove_from_cart,1783999068867920626,7158
remove_from_cart,1487580009362096156,7107
remove_from_cart,1487580005528503146,7054
remove_from_cart,1487580010561667147,7006
remove_from_cart,2196456817641391019,6805
remove_from_cart,1487580007776650194,6785
remove_from_cart,1924049106385240809,6749
remove_from_cart,1487580013279576251,6744
remove_from_cart,2193074740552270669,6635
remove_from_cart,1487580006132482952,6491
remove_from_cart,2069804417665728971,6381
remove_from_cart,1487580007592100809,6260
remove_from_cart,1487580009521479714,6214
remove_from_cart,1487580012902088873,6204
remove_from_cart,1487580006409307030,6041
remove_from_cart,1487580005855658874,6015
remove_from_cart,1487580011853512836,5978
remove_from_cart,2177933350667289121,5827
remove_from_cart,1487580013506068678,5735
remove_from_cart,2151191071118328683,5655
remove_from_cart,1487580013640286413,5653
remove_from_cart,1487580013539623112,5625
remove_from_cart,1487580013489291461,5618
remove_from_cart,1487580013413793985,5602
remove_from_cart,1487580007550157767,5576
remove_from_cart,1487580013027917999,5569
remove_from_cart,1487580011677352062,5556
remove_from_cart,1842735758805303837,5503
remove_from_cart,1487580011501191286,5370
remove_from_cart,1487580011408916594,5357
remove_from_cart,1487580011534745720,5340
remove_from_cart,1487580008447738866,4955
remove_from_cart,1597770225539875791,4896
remove_from_cart,1487580011425693811,4835
remove_from_cart,1842735760499802745,4816
remove_from_cart,2134354342373753638,4805
remove_from_cart,1542195323827388674,4774
remove_from_cart,1487580009227878422,4770
remove_from_cart,1487580009261432856,4677
remove_from_cart,1495705810662064688,4676
remove_from_cart,1487580007457883075,4652
remove_from_cart,1487580010779770966,4577
remove_from_cart,1921723491720102387,4556
remove_from_cart,1487580012574933146,4540
remove_from_cart,1487580005897601916,4369
remove_from_cart,1487580008112194531,4334
remove_from_cart,1487580009202712597,4218
remove_from_cart,1487580013229244601,4190
remove_from_cart,1487580010754605141,4137
remove_from_cart,1487580006644188066,4016
remove_from_cart,1487580013170524342,3986
remove_from_cart,2151191070908613477,3977
remove_from_cart,2151191070984110951,3966
remove_from_cart,1937169073007756269,3920
remove_from_cart,1487580012021285001,3911
remove_from_cart,1526733091857498510,3812
remove_from_cart,1487580012373606546,3749
remove_from_cart,1487580007365608384,3724
remove_from_cart,1487580005385896804,3711
remove_from_cart,2035665444290953519,3644
remove_from_cart,2018395024110125980,3640
remove_from_cart,1783999071325782053,3561
remove_from_cart,1783999064069636330,3535
remove_from_cart,1487580008607122425,3490
remove_from_cart,1487580013145358517,3487
remove_from_cart,1487580008162526182,3485
remove_from_cart,1487580008774893569,3465
remove_from_cart,1495705810729173554,3400
remove_from_cart,1487580013472514244,3312
remove_from_cart,1487580006937789357,3296
remove_from_cart,2141560642253881670,3288
remove_from_cart,1487580012642042013,3243
remove_from_cart,2029082628195353599,3234
remove_from_cart,1487580006241534861,3188
remove_from_cart,1487580013212467384,3147
remove_from_cart,1487580008758116352,3101
remove_from_cart,1487580012591710363,3099
remove_from_cart,1487580012524601496,3041
remove_from_cart,1487580011157258342,2975
remove_from_cart,1783999073758478650,2970
remove_from_cart,1487580011996119176,2952
remove_from_cart,1516331853567492962,2913
remove_from_cart,1891434351850160381,2913
remove_from_cart,1487580009622143014,2883
remove_from_cart,1487580007189447609,2880
remove_from_cart,1487580013732561106,2858
remove_from_cart,2195085258272014535,2789
remove_from_cart,1977575787259232875,2760
remove_from_cart,1487580010318397504,2721
remove_from_cart,1487580011308253293,2691
remove_from_cart,1487580014009385185,2655
remove_from_cart,1752742615205281895,2622
remove_from_cart,1487580012683985055,2464
remove_from_cart,1487580013824835799,2343
remove_from_cart,1487580006451250072,2320
remove_from_cart,1871018959927509750,2314
remove_from_cart,1487580013254410426,2248
remove_from_cart,1487580009571811364,2190
remove_from_cart,1720400165430363096,2158
remove_from_cart,1783999076551885399,2112
remove_from_cart,1487580006434472855,2058
remove_from_cart,1761186209054327497,2048
remove_from_cart,1487580006526747548,2035
remove_from_cart,1487580011098538083,2019
remove_from_cart,1487580013430571202,1960
remove_from_cart,2114584564549550293,1918
remove_from_cart,1933364344720982871,1904
remove_from_cart,1487580013690618064,1879
remove_from_cart,1487580008816836611,1876
remove_from_cart,1487580007759872977,1850
remove_from_cart,2089259162625114209,1835
remove_from_cart,1487580012121948301,1834
remove_from_cart,1487580013128581300,1815
remove_from_cart,1487580009336930331,1775
remove_from_cart,2193074740619379535,1753
remove_from_cart,1495705810704007729,1718
remove_from_cart,1814592470537732872,1709
remove_from_cart,1487580013296353468,1678
remove_from_cart,1982860244379763042,1669
remove_from_cart,1487580013615120588,1664
remove_from_cart,1487580007835370453,1655
remove_from_cart,1487580010922377308,1655
remove_from_cart,1487580010377117763,1629
remove_from_cart,1487580011970953351,1618
remove_from_cart,1487580010737827924,1614
remove_from_cart,1487580008984608779,1611
remove_from_cart,1982860263572898112,1593
remove_from_cart,1597769965795017114,1585
remove_from_cart,1487580006073762693,1571
remove_from_cart,2013754353822728372,1535
remove_from_cart,1911999801088541491,1524
remove_from_cart,1558526315760452545,1499
remove_from_cart,2195085255176618020,1497
remove_from_cart,1487580009026551821,1480
remove_from_cart,1645114480121610699,1465
remove_from_cart,1487580009177546772,1458
remove_from_cart,1487580009118826513,1453
remove_from_cart,1487580013086638258,1426
remove_from_cart,1487580013799669974,1416
remove_from_cart,1715102762414375164,1375
remove_from_cart,1487580009076883471,1366
remove_from_cart,1487580010268065854,1352
remove_from_cart,1487580012717539489,1339
remove_from_cart,1487580007214613434,1336
remove_from_cart,1958278551207674674,1318
remove_from_cart,1487580012432326804,1300
remove_from_cart,1487580009546645539,1285
remove_from_cart,1487580006199591819,1277
remove_from_cart,1487580007877313495,1263
remove_from_cart,1752742606699234159,1236
remove_from_cart,1487580012205834384,1231
remove_from_cart,1487580011182424167,1220
remove_from_cart,1487580010242900029,1169
remove_from_cart,1998040852064109417,1162
remove_from_cart,1648815651034235876,1159
remove_from_cart,1897124469017673788,1126
remove_from_cart,1487580007524991942,1117
remove_from_cart,2029731308699124089,1115
remove_from_cart,1487580013321519293,1083
remove_from_cart,1487580011517968503,1077
remove_from_cart,1487580013657063630,1063
remove_from_cart,1487580008909111303,1036
remove_from_cart,1897124495995438074,1016
remove_from_cart,1487580010335174721,1008
remove_from_cart,1487580007046841266,1004
remove_from_cart,1487580007072007091,982
remove_from_cart,2093602042093240877,940
remove_from_cart,1487580005838881657,938
remove_from_cart,2151191059751764547,937
remove_from_cart,1487580005486560104,933
remove_from_cart,1911999801642189621,928
remove_from_cart,1487580013338296510,925
remove_from_cart,1487580010293231679,923
remove_from_cart,1819693959081886239,909
remove_from_cart,1487580012172279951,907
remove_from_cart,1487580010846879833,902
remove_from_cart,1487580011903844485,891
remove_from_cart,2095736144888071137,880
remove_from_cart,2193074740686488401,859
remove_from_cart,1487580011476025461,830
remove_from_cart,1487580011241144426,824
remove_from_cart,1487580012457492629,822
remove_from_cart,1604427094756950459,800
remove_from_cart,1715102773747384334,787
remove_from_cart,1998040849203594085,775
remove_from_cart,1487580005629166447,763
remove_from_cart,1487580009672474664,749
remove_from_cart,1933472286753424063,747
remove_from_cart,1783999073792033086,738
remove_from_cart,1487580007172670392,737
remove_from_cart,1543705961326182546,737
remove_from_cart,1487580010217734204,730
remove_from_cart,1783999072365969578,730
remove_from_cart,1783999064170299632,727
remove_from_cart,1532652067498229876,721
remove_from_cart,1791442895991997390,718
remove_from_cart,1487580008087028706,716
remove_from_cart,1783999063574708423,715
remove_from_cart,1783999064036081896,715
remove_from_cart,1487580010721050707,714
remove_from_cart,1897124489259385629,713
remove_from_cart,1660394382047576308,691
remove_from_cart,2187790129827939246,685
remove_from_cart,2106514244437541443,678
remove_from_cart,1487580007021675441,671
remove_from_cart,2196456817758831535,664
remove_from_cart,1487580012952420523,648
remove_from_cart,1842735764509557576,636
remove_from_cart,2130081478220972046,626
remove_from_cart,1487580008699397117,622
remove_from_cart,1559261858748170632,617
remove_from_cart,2151191075757228942,600
remove_from_cart,2193074740493550411,595
remove_from_cart,2164688961165852944,583
remove_from_cart,2195085255117897760,580
remove_from_cart,1487580010695884882,572
remove_from_cart,2106514244487873093,569
remove_from_cart,1487580007894090712,563
remove_from_cart,1487580008422573041,556
remove_from_cart,1487580010662330448,536
remove_from_cart,1487580011786403970,525
remove_from_cart,1487580006627410849,521
remove_from_cart,1783999072407912622,500
remove_from_cart,1554383493545328915,494
remove_from_cart,1487580013900333275,493
remove_from_cart,1487580008011531230,492
remove_from_cart,1759024699007828783,483
remove_from_cart,1804383582576181309,478
remove_from_cart,1487580005343953762,461
remove_from_cart,1487580008053474272,461
remove_from_cart,1487580013917110492,448
remove_from_cart,1487580007097172916,444
remove_from_cart,1783999076535108182,441
remove_from_cart,1487580006979732399,424
remove_from_cart,1487580012616876188,422
remove_from_cart,1588205336064425989,418
remove_from_cart,1858245586344477369,412
remove_from_cart,1487580011752849537,406
remove_from_cart,1487580010192568379,400
remove_from_cart,1487580010955931741,385
remove_from_cart,1805953852441101266,385
remove_from_cart,1487580008028308447,384
remove_from_cart,1487580011333419118,383
remove_from_cart,1725504706412807026,382
remove_from_cart,1487580007986365405,381
remove_from_cart,1791442849384891169,375
remove_from_cart,1801635223591453292,374
remove_from_cart,1487580011945787526,371
remove_from_cart,1921723506584715388,368
remove_from_cart,1487580005880824699,367
remove_from_cart,1487580006015042434,360
remove_from_cart,1487580007701152718,356
remove_from_cart,1797122099068797194,352
remove_from_cart,1487580006870680490,345
remove_from_cart,2069171133327868014,342
remove_from_cart,1926797403503985079,336
remove_from_cart,1487580007139115958,306
remove_from_cart,1487580007113950133,303
remove_from_cart,2055368408169447599,302
remove_from_cart,2121383893343929118,297
remove_from_cart,1487580013992607968,293
remove_from_cart,1487580006098928518,289
remove_from_cart,1487580007004898224,284
remove_from_cart,1487580008858779653,265
remove_from_cart,2235524499636224267,260
remove_from_cart,1487580012784648356,258
remove_from_cart,1487580012876923048,258
remove_from_cart,1842735768846467167,248
remove_from_cart,2018287324474901238,247
remove_from_cart,2094448780651791052,231
remove_from_cart,1487580006056985476,227
remove_from_cart,1487580008070251489,218
remove_from_cart,2235524494015856752,216
remove_from_cart,1487580006820348840,213
remove_from_cart,1584505206060614455,205
remove_from_cart,1487580006484804506,202
remove_from_cart,2154396123597373922,189
remove_from_cart,1487580011601854587,181
remove_from_cart,1998040850688377703,181
remove_from_cart,2068966806634103136,180
remove_from_cart,1487580005293622112,177
remove_from_cart,2020400296164851991,176
remove_from_cart,1487580012147114126,172
remove_from_cart,2235524499216793855,168
remove_from_cart,2151191059827262021,166
remove_from_cart,2155132423103316327,164
remove_from_cart,1487580006568690590,155
remove_from_cart,1487580006711296933,153
remove_from_cart,1889472915104072007,153
remove_from_cart,1977683390215749955,153
remove_from_cart,2028340285225828822,153
remove_from_cart,1944358258223350494,150
remove_from_cart,1977786601392047073,147
remove_from_cart,1962525126503170858,139
remove_from_cart,1487580012809814181,134
remove_from_cart,2071303198680810125,132
remove_from_cart,1752742610406999036,127
remove_from_cart,2195085258179739843,125
remove_from_cart,1487580005025186644,118
remove_from_cart,1487580005922767741,116
remove_from_cart,1487580009974464562,114
remove_from_cart,1487580011031429216,108
remove_from_cart,1810470908326838736,104
remove_from_cart,2145935122136826354,97
remove_from_cart,1924049287554007223,94
remove_from_cart,1911999948073730325,93
remove_from_cart,1487580006845514665,88
remove_from_cart,1547480590851244887,84
remove_from_cart,2022516588854378951,82
remove_from_cart,1783999067181810204,68
remove_from_cart,2027602240612598357,68
remove_from_cart,2134354356349173879,68
remove_from_cart,1977575775473238831,65
remove_from_cart,1487580014042939619,64
remove_from_cart,1487580006157648777,61
remove_from_cart,1487580005998265217,59
remove_from_cart,1487580009647308839,59
remove_from_cart,1936327050549789532,59
remove_from_cart,2195085258339123402,59
remove_from_cart,1911999884991397970,57
remove_from_cart,1487580012071616651,53
remove_from_cart,1657722039387029886,53
remove_from_cart,1487580004983243602,49
remove_from_cart,1487580004941300560,48
remove_from_cart,1487580010360340546,46
remove_from_cart,1487580012734316706,46
remove_from_cart,1487580005318787937,44
remove_from_cart,2187686850687140020,40
remove_from_cart,1487580008128971748,39
remove_from_cart,1759024698982662957,38
remove_from_cart,1987724780047958178,36
remove_from_cart,2069804424703771380,36
remove_from_cart,2222113024708182273,35
remove_from_cart,1487580012507824279,34
remove_from_cart,1913479463425802701,33
remove_from_cart,1962525118928257818,33
remove_from_cart,1487580009823469613,31
remove_from_cart,1962525462299148572,30
remove_from_cart,1487580012759482531,28
remove_from_cart,1487580008590345208,27
remove_from_cart,1487580010150625337,27
remove_from_cart,1628099626433249931,25
remove_from_cart,2022622168218599898,23
remove_from_cart,1487580013933887709,22
remove_from_cart,1487580009798303788,19
remove_from_cart,1487580008951054345,18
remove_from_cart,1487580006174425994,17
remove_from_cart,1487580012046450826,16
remove_from_cart,1487580010075127862,15
remove_from_cart,1805953965678920077,14
remove_from_cart,2060156961931919712,13
remove_from_cart,1487580013564788937,12
remove_from_cart,2242903426784559183,12
remove_from_cart,1487580011828347011,10
remove_from_cart,1604427145138930210,8
remove_from_cart,1791442703716712702,7
remove_from_cart,1842735764450837316,6
remove_from_cart,1487580004966466385,4
remove_from_cart,1487580011450859636,4
remove_from_cart,1487580004807082827,3
remove_from_cart,1487580009739583530,3
remove_from_cart,1752742617696698537,3
remove_from_cart,2166295400451933025,1
view,1487580007675986893,423850
view,1487580005092295511,394684
view,1602943681873052386,326434
view,1487580005595612013,307046
view,1487580006300255120,275509
view,1487580013841613016,257434
view,1487580013950664926,233002
view,1487580008246412266,232183
view,1487580005671109489,231046
view,1487580006317032337,221884
view,1487580005268456287,221225
view,1487580005754995573,143691
view,1487580005134238553,135747
view,1487580008145748965,123232
view,1487580009051717646,114437
view,1487580006350586771,113752
view,1487580005511725929,108127
view,1487580005713052531,105525
view,1487580008263189483,104508
view,1487580009445982239,98832
view,1487580004916134735,89701
view,2115334439910245200,86243
view,1487580007910867929,77206
view,1487580005427839846,74486
view,1487580013522845895,71315
view,1487580005553668971,70005
view,1487580009286598681,69864
view,1487580005050352469,69322
view,1487580011585077370,68220
view,2084144451428549153,66541
view,1487580007432717250,65057
view,1783999063314661546,64657
view,1487580005411062629,64628
view,1487580010100293687,62565
view,1487580010645553231,62365
view,1487580005461394279,61894
view,1487580007852147670,56344
view,1783999072332415142,56071
view,1487580009143992338,53711
view,1487580013069861041,52764
view,1487580013581566154,52622
view,1638456119066100510,52362
view,1783999064136745198,51341
view,1487580012096782476,49326
view,1487580010561667147,48848
view,1487580012902088873,47599
view,1487580013749338323,47163
view,1891434214553813877,46776
view,2151191071051219817,46580
view,1487580009387261981,45334
view,1487580011283087468,45132
view,1487580009471148064,45106
view,1487580007256556476,43987
view,1783999067156644376,42060
view,1487580009496313889,41876
view,1487580011652186237,41814
view,1487580011702517887,41531
view,1487580008657454075,41165
view,1487580008800059394,40812
view,1487580008313521133,39372
view,1487580012927254698,38223
view,2151191071378375538,38126
view,1658462125284131265,37855
view,1487580007936033754,37665
view,1487580010125459512,37435
view,2089259162625114209,37401
view,1487580013279576251,36921
view,1487580011627020412,36621
view,1783999064103190764,36123
view,1487580008288355308,35201
view,1487580007634043851,34100
view,1542195323827388674,34090
view,1487580008187692007,31871
view,1487580004857414477,31771
view,1487580008347075566,30954
view,1487580004832248652,30514
view,1487580007952810971,30481
view,1487580007717929935,30372
view,1783999068909863670,29245
view,1487580007281722301,28712
view,1511892746070131099,28503
view,1487580013506068678,28322
view,1487580007306888126,28252
view,1487580009311764506,28118
view,1487580009605365797,28076
view,1487580009177546772,27834
view,1487580013388628160,27676
view,1487580013011140782,27526
view,1487580013539623112,27180
view,2195085255034011676,26813
view,1487580005008409427,26555
view,2193074740619379535,26246
view,1487580007575323592,24483
view,1487580013858390233,24239
view,1897124478404526487,24237
view,1487580006551913373,23814
view,1487580013413793985,23367
view,1487580011677352062,23127
view,1487580004882580302,23051
view,1487580008984608779,22795
view,1487580008447738866,22745
view,1487580006895846315,22668
view,1487580010695884882,22572
view,1487580012021285001,22341
view,1487580006434472855,21608
view,1487580010628776014,21116
view,1487580006132482952,20962
view,1487580008112194531,20860
view,1487580013489291461,20652
view,1487580013053083824,20583
view,2007399943458784057,20199
view,1597770225539875791,20087
view,1487580012994363565,19805
view,1924049110428549877,19083
view,1487580013229244601,19030
view,1487580011308253293,18992
view,1487580010796548183,18284
view,1487580010872045658,18121
view,2140803113261466607,17816
view,1783999068867920626,17605
view,2141560642253881670,17363
view,1487580006962955182,17321
view,1487580009026551821,16823
view,1487580013145358517,16675
view,1783999071199952917,16501
view,1525995662934540829,16327
view,1487580014009385185,16251
view,1487580005855658874,15885
view,1487580005528503146,15848
view,1924049106385240809,15661
view,1487580011853512836,15595
view,1487580007483048900,15316
view,1487580011383750769,15235
view,1487580013640286413,15177
view,1487580009227878422,15107
view,2151191070984110951,14673
view,2196456817641391019,14434
view,1495705810662064688,14303
view,1605161575889502297,14182
view,1487580013170524342,14061
view,1487580012969197740,13971
view,1783999076551885399,13919
view,1761186209054327497,13803
view,1487580011534745720,13621
view,1487580005067129686,13326
view,1487580009202712597,13196
view,1487580006509970331,13177
view,1487580008011531230,12908
view,1487580010318397504,12892
view,1982860263572898112,12842
view,1487580012642042013,12824
view,1487580007835370453,12628
view,1487580008758116352,12211
view,1487580013732561106,11655
view,1487580012373606546,11547
view,1487580008053474272,11502
view,1487580008162526182,11490
view,1487580008774893569,11468
view,1998040849203594085,11466
view,1487580012574933146,11363
view,2114584564549550293,11352
view,1487580013254410426,11277
view,1891434351850160381,11106
view,1487580013027917999,11091
view,1487580008607122425,11049
view,1487580007457883075,10825
view,1977575787259232875,10792
view,2193074740552270669,10704
view,1487580006937789357,10674
view,1487580009521479714,10628
view,1487580007894090712,10606
view,1487580013086638258,10503
view,1487580009362096156,10359
view,1487580007399162817,10356
view,1842735760499802745,9999
view,1487580009076883471,9967
view,1487580013212467384,9870
view,1921723491720102387,9857
view,1982860244379763042,9828
view,1487580007659209676,9719
view,1487580013824835799,9529
view,1487580010821714008,9524
view,1487580008028308447,9519
view,1487580013690618064,9421
view,1487580006644188066,9352
view,2151191071118328683,9295
view,1487580012683985055,9291
view,2069804417665728971,8777
view,1487580009336930331,8627
view,2134354342373753638,8531
view,1783999064069636330,8512
view,2055161088059638328,8442
view,2029082628195353599,8387
view,1487580007776650194,8374
view,1842735758805303837,8320
view,1487580013296353468,8118
view,1487580005385896804,8098
view,1937169073007756269,7953
view,1783999073758478650,7914
view,2193074740686488401,7806
view,1487580010721050707,7555
view,2151191070908613477,7552
view,1487580007986365405,7522
view,1958278551207674674,7425
view,1487580011501191286,7227
view,1526733091857498510,7218
view,1487580009118826513,7136
view,1487580012717539489,7129
view,1487580010242900029,7121
view,1487580013128581300,7095
view,1487580009261432856,7032
view,2035665444290953519,6971
view,1858245586344477369,6945
view,1487580009571811364,6794
view,2195085258272014535,6776
view,1487580010754605141,6722
view,1487580013472514244,6707
view,1487580013430571202,6570
view,1998040852064109417,6442
view,2018395024110125980,6389
view,2177933350667289121,6377
view,1487580012432326804,6341
view,1783999071325782053,6272
view,1814592470537732872,6209
view,1487580012524601496,6060
view,2029731308699124089,6056
view,1516331853567492962,6033
view,1720400165430363096,5895
view,1645114480121610699,5874
view,1487580010217734204,5809
view,1487580006409307030,5801
view,1801635223591453292,5716
view,1487580011408916594,5675
view,1487580010335174721,5657
view,1487580011996119176,5637
view,1897124495995438074,5619
view,1487580013657063630,5589
view,1487580007524991942,5563
view,1487580006526747548,5549
view,1487580013615120588,5493
view,1487580007550157767,5448
view,1495705810729173554,5384
view,1487580012121948301,5267
view,1487580010268065854,5075
view,1487580008816836611,5048
view,1487580006241534861,5001
view,1487580013321519293,4962
view,1715102773747384334,4803
view,1487580008070251489,4660
view,1487580013338296510,4641
view,1487580011425693811,4622
view,1487580013900333275,4569
view,2093602042093240877,4543
view,1487580007365608384,4529
view,1487580007592100809,4454
view,1487580005897601916,4397
view,1487580010293231679,4382
view,1495705810704007729,4345
view,1487580010779770966,4262
view,1588205336064425989,4226
view,1487580011970953351,4219
view,1487580007877313495,4024
view,1487580006451250072,4016
view,1487580010377117763,4005
view,1783999073792033086,3942
view,1487580008909111303,3932
view,1487580011098538083,3904
view,1487580013917110492,3904
view,1597769965795017114,3855
view,2195085255176618020,3834
view,1871018959927509750,3807
view,1897124469017673788,3747
view,1487580011157258342,3742
view,1487580005343953762,3649
view,1487580009672474664,3639
view,1819693959081886239,3614
view,1487580006073762693,3598
view,1487580013799669974,3569
view,2164688961165852944,3563
view,1911999801088541491,3535
view,1487580011517968503,3521
view,1487580012591710363,3509
view,1752742615205281895,3408
view,1487580009546645539,3358
view,1783999064036081896,3311
view,1487580007189447609,3265
view,2151191059751764547,3177
view,1487580012205834384,3161
view,2235524499636224267,3070
view,1783999072365969578,3049
view,1487580005025186644,3044
view,1487580005293622112,2931
view,1487580012876923048,2905
view,1487580007172670392,2858
view,1911999801642189621,2827
view,1487580006199591819,2822
view,2235524499216793855,2822
view,1791442895991997390,2755
view,1648815651034235876,2715
view,1487580011333419118,2692
view,2193074740493550411,2618
view,2195085255117897760,2552
view,1487580007759872977,2529
view,1487580012952420523,2514
view,2130081478220972046,2514
view,1921723506584715388,2506
view,2022516588854378951,2492
view,1487580012457492629,2454
view,1933364344720982871,2445
view,1487580010662330448,2363
view,2095736144888071137,2339
view,1752742606699234159,2338
view,2018287324474901238,2332
view,1554383493545328915,2312
view,2151191075757228942,2285
view,1487580005486560104,2281
view,1487580010737827924,2258
view,1604427094756950459,2216
view,1783999072407912622,2216
view,1933472286753424063,2216
view,1487580012809814181,2209
view,2196456817758831535,2184
view,1487580010192568379,2169
view,1889472915104072007,2166
view,1487580005838881657,2155
view,2106514244437541443,2153
view,1487580009622143014,2138
view,1487580008699397117,2073
view,1487580005629166447,2065
view,1783999064170299632,2042
view,1487580010922377308,1976
view,1487580012172279951,1947
view,1944358258223350494,1926
view,2187686850687140020,1870
view,2145935122136826354,1844
view,1487580011903844485,1821
view,1559261858748170632,1749
view,1783999063574708423,1727
view,1487580012784648356,1701
view,1797122099068797194,1691
view,1715102762414375164,1680
view,1842735764509557576,1679
view,2187790129827939246,1649
view,2106514244487873093,1645
view,1487580007072007091,1641
view,1532652067498229876,1636
view,1487580008087028706,1608
view,1487580012616876188,1586
view,1660394382047576308,1585
view,1487580007214613434,1569
view,1543705961326182546,1542
view,1487580011241144426,1539
view,1759024699007828783,1514
view,1842735768846467167,1507
view,1584505206060614455,1504
view,1783999076535108182,1499
view,1487580013992607968,1498
view,2222113024708182273,1440
view,1487580011786403970,1436
view,1547480590851244887,1390
view,2013754353822728372,1366
view,1487580008422573041,1360
view,1897124489259385629,1351
view,1487580006870680490,1346
view,1487580011752849537,1338
view,1558526315760452545,1335
view,1487580014093271270,1303
view,1804383582576181309,1287
view,1998040850688377703,1271
view,1487580011182424167,1267
view,1487580007046841266,1183
view,1487580006056985476,1168
view,1487580007021675441,1168
view,1487580012734316706,1160
view,1487580005880824699,1135
view,2121383893343929118,1113
view,1487580010846879833,1103
view,1487580006568690590,1095
view,1487580007701152718,1080
view,2071303198680810125,1052
view,2069171133327868014,1001
view,1487580011476025461,977
view,1487580011601854587,975
view,1487580006015042434,943
view,2068966806634103136,921
view,2235524494015856752,915
view,1805953852441101266,902
view,1487580011945787526,896
view,1487580011031429216,879
view,1725504706412807026,874
view,1487580009823469613,826
view,1487580006098928518,816
view,1977786601392047073,806
view,2154396123597373922,803
view,1487580007097172916,799
view,1487580006711296933,794
view,1487580006627410849,788
view,2094448780651791052,779
view,1487580006484804506,759
view,1977683390215749955,741
view,1487580009739583530,720
view,1487580010955931741,719
view,1487580006979732399,712
view,2055368408169447599,706
view,1791442849384891169,698
view,1487580013933887709,696
view,1487580007139115958,672
view,1487580006820348840,666
view,2020400296164851991,631
view,1962525126503170858,625
view,1487580007113950133,610
view,2195085258179739843,571
view,1487580006845514665,553
view,1487580012071616651,537
view,1926797403503985079,496
view,1487580007004898224,486
view,1487580006157648777,480
view,1487580006174425994,469
view,1487580004983243602,457
view,1487580004941300560,454
view,2028340285225828822,436
view,2151191059827262021,419
view,1924049287554007223,409
view,1487580014042939619,401
view,2155132423103316327,397
view,1487580012147114126,393
view,1810470908326838736,389
view,1783999067181810204,361
view,1911999948073730325,345
view,1487580012759482531,337
view,1487580005318787937,318
view,1487580005922767741,314
view,1752742610406999036,291
view,1487580009974464562,278
view,2022622168218599898,275
view,1657722039387029886,255
view,1487580008858779653,253
view,1962525118928257818,250
view,1487580010360340546,244
view,1987724780047958178,234
view,2027602240612598357,226
view,1487580005998265217,220
view,1487580012507824279,218
view,1911999884991397970,209
view,1487580008674231292,199
view,2060156961931919712,198
view,1487580005176181595,196
view,1487580013564788937,186
view,1977575775473238831,183
view,1487580009647308839,177
view,2242903426784559183,175
view,2195085258339123402,165
view,1487580008590345208,163
view,1936327050549789532,153
view,1759024698982662957,143
view,1962525462299148572,136
view,1487580008128971748,132
view,1487580008472904691,129
view,1487580009798303788,129
view,2069804424703771380,122
view,1628099626433249931,121
view,1487580008951054345,117
view,1487580011828347011,117
view,1913479463425802701,113
view,1487580010075127862,111
view,1487580010150625337,96
view,1487580004807082827,93
view,2134354356349173879,89
view,1487580008221246441,87
view,1487580006610633632,86
view,1487580012046450826,77
view,1604427145138930210,75
view,1487580012482658454,74
view,1487580006585467807,69
view,2166295400451933025,54
view,1487580005570446188,50
view,1487580007508214725,49
view,1805953965678920077,48
view,1842735764450837316,47
view,1791442703716712702,46
view,1487580008925888520,44
view,1487580008523236341,37
view,1487580004966466385,35
view,1752742617696698537,34
view,1487580005687886706,33
view,1487580009764749355,31
view,1487580010989486174,31
view,1487580005939544958,26
view,1487580011006263391,24
view,1648815843896722076,24
view,1487580011559911545,22
view,1487580012851757223,22
view,1487580013782892757,22
view,1487580009009774604,20
view,1487580005796938615,19
view,1487580011115315300,19
view,1487580008565179383,18
view,1487580011199201384,18
view,1487580005369119587,17
view,2053031020655018687,15
view,1487580010603610189,14
view,1495705810754339379,12
view,1487580010049962037,11
view,1487580010427449413,11
view,1487580006744851367,10
view,1487580005654332272,7
view,1487580011073372258,7
view,1487580006216369036,6
view,1487580011224367209,6
view,1487580012658819230,6
view,1487580012231000209,5
view,1487580013363462335,5
view,1487580008204469224,4
view,1487580009857024046,4
view,1487580011140481125,4
view,1487580012549767321,4
view,1487580010024796212,3
view,1487580005159404378,2
view,1487580007155893175,2
view,1487580013715783889,2
view,1487580009706029097,1
view,1487580009890578479,1
view,1487580010897211483,1
view,1487580011056595041,1
