event_month,category_id,count
1.0,1487580004807082827,55
1.0,1487580004832248652,13371
1.0,1487580004857414477,13906
1.0,1487580004882580302,11374
1.0,1487580004916134735,52786
1.0,1487580004941300560,193
1.0,1487580004966466385,4
1.0,1487580004983243602,23
1.0,1487580005008409427,12805
1.0,1487580005025186644,492
1.0,1487580005050352469,32981
1.0,1487580005067129686,4708
1.0,1487580005092295511,170412
1.0,1487580005134238553,125311
1.0,1487580005176181595,24
1.0,1487580005268456287,96834
1.0,1487580005293622112,793
1.0,1487580005318787937,66
1.0,1487580005343953762,584
1.0,1487580005369119587,7
1.0,1487580005385896804,3387
1.0,1487580005411062629,20967
1.0,1487580005427839846,44853
1.0,1487580005461394279,32462
1.0,1487580005486560104,870
1.0,1487580005511725929,49534
1.0,1487580005528503146,5136
1.0,1487580005553668971,31885
1.0,1487580005570446188,7
1.0,1487580005595612013,190065
1.0,1487580005629166447,724
1.0,1487580005654332272,1
1.0,1487580005671109489,163924
1.0,1487580005687886706,8
1.0,1487580005713052531,46427
1.0,1487580005754995573,36933
1.0,1487580005838881657,1234
1.0,1487580005855658874,9458
1.0,1487580005880824699,3
1.0,1487580005897601916,74
1.0,1487580005939544958,2
1.0,1487580005998265217,7
1.0,1487580006073762693,20
1.0,1487580006098928518,10
1.0,1487580006132482952,9341
1.0,1487580006157648777,11
1.0,1487580006174425994,17
1.0,1487580006199591819,32
1.0,1487580006241534861,8
1.0,1487580006300255120,68385
1.0,1487580006317032337,130878
1.0,1487580006350586771,32025
1.0,1487580006409307030,4140
1.0,1487580006434472855,6122
1.0,1487580006451250072,1731
1.0,1487580006484804506,50
1.0,1487580006509970331,9929
1.0,1487580006526747548,2422
1.0,1487580006551913373,13752
1.0,1487580006568690590,548
1.0,1487580006585467807,18
1.0,1487580006610633632,10
1.0,1487580006644188066,22
1.0,1487580006744851367,4
1.0,1487580006820348840,1
1.0,1487580006845514665,12
1.0,1487580006870680490,2
1.0,1487580006895846315,24
1.0,1487580006937789357,19
1.0,1487580006962955182,12660
1.0,1487580006979732399,4
1.0,1487580007004898224,5
1.0,1487580007021675441,25
1.0,1487580007046841266,7
1.0,1487580007072007091,2
1.0,1487580007097172916,9
1.0,1487580007155893175,2
1.0,1487580007189447609,12
1.0,1487580007256556476,25508
1.0,1487580007281722301,18373
1.0,1487580007306888126,14193
1.0,1487580007365608384,2178
1.0,1487580007399162817,5121
1.0,1487580007432717250,28624
1.0,1487580007457883075,4433
1.0,1487580007483048900,7170
1.0,1487580007508214725,5
1.0,1487580007524991942,1863
1.0,1487580007550157767,3307
1.0,1487580007575323592,10835
1.0,1487580007592100809,3491
1.0,1487580007634043851,22535
1.0,1487580007659209676,5669
1.0,1487580007675986893,156735
1.0,1487580007701152718,571
1.0,1487580007717929935,16842
1.0,1487580007759872977,1416
1.0,1487580007776650194,5190
1.0,1487580007835370453,4506
1.0,1487580007852147670,23971
1.0,1487580007877313495,1751
1.0,1487580007894090712,2131
1.0,1487580007910867929,28147
1.0,1487580007936033754,15926
1.0,1487580007952810971,11248
1.0,1487580007986365405,2128
1.0,1487580008011531230,3867
1.0,1487580008028308447,2420
1.0,1487580008053474272,3607
1.0,1487580008070251489,1224
1.0,1487580008087028706,1033
1.0,1487580008112194531,8368
1.0,1487580008128971748,7
1.0,1487580008145748965,52329
1.0,1487580008162526182,4120
1.0,1487580008187692007,19246
1.0,1487580008204469224,1
1.0,1487580008221246441,12
1.0,1487580008246412266,71824
1.0,1487580008263189483,33744
1.0,1487580008288355308,12737
1.0,1487580008313521133,12481
1.0,1487580008347075566,18371
1.0,1487580008422573041,473
1.0,1487580008447738866,6257
1.0,1487580008472904691,9
1.0,1487580008523236341,7
1.0,1487580008565179383,2
1.0,1487580008590345208,12
1.0,1487580008607122425,24
1.0,1487580008657454075,12192
1.0,1487580008674231292,56
1.0,1487580008699397117,11
1.0,1487580008758116352,4742
1.0,1487580008774893569,4851
1.0,1487580008800059394,19949
1.0,1487580008816836611,2299
1.0,1487580008858779653,11
1.0,1487580008909111303,538
1.0,1487580008925888520,6
1.0,1487580008951054345,1
1.0,1487580008984608779,5666
1.0,1487580009009774604,5
1.0,1487580009026551821,4113
1.0,1487580009051717646,31084
1.0,1487580009076883471,3451
1.0,1487580009118826513,2145
1.0,1487580009143992338,15227
1.0,1487580009177546772,7266
1.0,1487580009202712597,6624
1.0,1487580009227878422,6046
1.0,1487580009261432856,5202
1.0,1487580009286598681,83836
1.0,1487580009311764506,30484
1.0,1487580009336930331,3144
1.0,1487580009362096156,7942
1.0,1487580009387261981,23324
1.0,1487580009445982239,68476
1.0,1487580009471148064,28487
1.0,1487580009496313889,17534
1.0,1487580009521479714,5836
1.0,1487580009546645539,1459
1.0,1487580009571811364,2669
1.0,1487580009605365797,17441
1.0,1487580009622143014,2726
1.0,1487580009647308839,145
1.0,1487580009672474664,1383
1.0,1487580009706029097,1
1.0,1487580009739583530,162
1.0,1487580009764749355,8
1.0,1487580009798303788,20
1.0,1487580009823469613,77
1.0,1487580009857024046,2
1.0,1487580010049962037,2
1.0,1487580010075127862,25
1.0,1487580010100293687,36741
1.0,1487580010125459512,14897
1.0,1487580010192568379,747
1.0,1487580010217734204,1531
1.0,1487580010242900029,2137
1.0,1487580010268065854,1738
1.0,1487580010293231679,1390
1.0,1487580010318397504,4194
1.0,1487580010335174721,1857
1.0,1487580010360340546,69
1.0,1487580010377117763,1931
1.0,1487580010427449413,5
1.0,1487580010561667147,15696
1.0,1487580010603610189,3
1.0,1487580010628776014,12824
1.0,1487580010645553231,16350
1.0,1487580010662330448,737
1.0,1487580010695884882,4069
1.0,1487580010721050707,2107
1.0,1487580010737827924,1632
1.0,1487580010754605141,3151
1.0,1487580010779770966,2912
1.0,1487580010796548183,16222
1.0,1487580010821714008,7417
1.0,1487580010846879833,833
1.0,1487580010872045658,10580
1.0,1487580010922377308,1150
1.0,1487580010955931741,321
1.0,1487580010989486174,5
1.0,1487580011006263391,4
1.0,1487580011031429216,307
1.0,1487580011056595041,1
1.0,1487580011073372258,6
1.0,1487580011098538083,2251
1.0,1487580011115315300,7
1.0,1487580011157258342,2436
1.0,1487580011182424167,1053
1.0,1487580011199201384,4
1.0,1487580011241144426,552
1.0,1487580011283087468,15001
1.0,1487580011308253293,6131
1.0,1487580011333419118,1071
1.0,1487580011383750769,17109
1.0,1487580011408916594,2
1.0,1487580011425693811,7
1.0,1487580011476025461,786
1.0,1487580011501191286,2335
1.0,1487580011517968503,1356
1.0,1487580011534745720,6100
1.0,1487580011559911545,4
1.0,1487580011585077370,39713
1.0,1487580011601854587,261
1.0,1487580011627020412,15361
1.0,1487580011652186237,15946
1.0,1487580011677352062,7595
1.0,1487580011702517887,13665
1.0,1487580011752849537,617
1.0,1487580011786403970,592
1.0,1487580011828347011,22
1.0,1487580011853512836,7010
1.0,1487580011903844485,1052
1.0,1487580011945787526,382
1.0,1487580011970953351,1805
1.0,1487580011996119176,2426
1.0,1487580012021285001,6679
1.0,1487580012046450826,41
1.0,1487580012071616651,216
1.0,1487580012096782476,23253
1.0,1487580012121948301,2258
1.0,1487580012147114126,158
1.0,1487580012172279951,638
1.0,1487580012205834384,1527
1.0,1487580012231000209,1
1.0,1487580012373606546,4378
1.0,1487580012432326804,2157
1.0,1487580012457492629,1258
1.0,1487580012482658454,10
1.0,1487580012507824279,85
1.0,1487580012524601496,2598
1.0,1487580012549767321,2
1.0,1487580012574933146,4716
1.0,1487580012591710363,2438
1.0,1487580012616876188,614
1.0,1487580012642042013,4441
1.0,1487580012683985055,3883
1.0,1487580012717539489,2257
1.0,1487580012734316706,318
1.0,1487580012759482531,53
1.0,1487580012784648356,372
1.0,1487580012809814181,677
1.0,1487580012851757223,6
1.0,1487580012876923048,694
1.0,1487580012902088873,12712
1.0,1487580012927254698,13067
1.0,1487580012952420523,1100
1.0,1487580012969197740,7755
1.0,1487580012994363565,9171
1.0,1487580013011140782,14489
1.0,1487580013027917999,6327
1.0,1487580013053083824,11433
1.0,1487580013069861041,18355
1.0,1487580013086638258,2976
1.0,1487580013128581300,2973
1.0,1487580013145358517,7486
1.0,1487580013170524342,5401
1.0,1487580013212467384,3981
1.0,1487580013229244601,7214
1.0,1487580013254410426,3224
1.0,1487580013279576251,13158
1.0,1487580013296353468,3229
1.0,1487580013321519293,1647
1.0,1487580013338296510,1424
1.0,1487580013363462335,1
1.0,1487580013388628160,13773
1.0,1487580013413793985,8817
1.0,1487580013430571202,2625
1.0,1487580013472514244,4115
1.0,1487580013489291461,8211
1.0,1487580013506068678,10643
1.0,1487580013522845895,36539
1.0,1487580013539623112,9358
1.0,1487580013564788937,37
1.0,1487580013581566154,24911
1.0,1487580013615120588,2685
1.0,1487580013640286413,8731
1.0,1487580013657063630,2347
1.0,1487580013690618064,3025
1.0,1487580013715783889,2
1.0,1487580013732561106,4793
1.0,1487580013749338323,13750
1.0,1487580013782892757,6
1.0,1487580013799669974,1761
1.0,1487580013824835799,4363
1.0,1487580013841613016,91694
1.0,1487580013858390233,13303
1.0,1487580013900333275,1540
1.0,1487580013917110492,684
1.0,1487580013933887709,102
1.0,1487580013950664926,57894
1.0,1487580013992607968,382
1.0,1487580014009385185,4828
1.0,1487580014042939619,146
1.0,1487580014093271270,284
1.0,1495705810662064688,5174
1.0,1495705810704007729,1560
1.0,1495705810729173554,2453
1.0,1495705810754339379,2
1.0,1511892746070131099,12282
1.0,1516331853567492962,3263
1.0,1525995662934540829,7486
1.0,1526733091857498510,3138
1.0,1542195323827388674,11078
1.0,1543705961326182546,6
1.0,1547480590851244887,218
1.0,1554383493545328915,723
1.0,1558526315760452545,793
1.0,1559261858748170632,832
1.0,1584505206060614455,533
1.0,1588205336064425989,1289
1.0,1597769965795017114,1092
1.0,1597770225539875791,7287
1.0,1602943681873052386,149289
1.0,1604427094756950459,585
1.0,1605161575889502297,9767
1.0,1638456119066100510,9928
1.0,1645114480121610699,1500
1.0,1648815651034235876,1511
1.0,1648815843896722076,9
1.0,1657722039387029886,5
1.0,1658462125284131265,16477
1.0,1660394382047576308,603
1.0,1715102762414375164,1266
1.0,1715102773747384334,1642
1.0,1720400165430363096,2215
1.0,1725504706412807026,22
1.0,1752742606699234159,492
1.0,1752742610406999036,19
1.0,1752742615205281895,2390
1.0,1752742617696698537,3
1.0,1759024699007828783,2
1.0,1761186209054327497,8050
1.0,1783999063314661546,33451
1.0,1783999063574708423,3
1.0,1783999064036081896,1892
1.0,1783999064069636330,6170
1.0,1783999064103190764,20287
1.0,1783999064136745198,24701
1.0,1783999064170299632,1251
1.0,1783999067156644376,17167
1.0,1783999067181810204,116
1.0,1783999068867920626,7511
1.0,1783999068909863670,17377
1.0,1783999071199952917,8644
1.0,1783999071325782053,3206
1.0,1783999072332415142,18760
1.0,1783999072365969578,932
1.0,1783999072407912622,662
1.0,1783999073758478650,3570
1.0,1783999073792033086,1112
1.0,1783999076535108182,419
1.0,1783999076551885399,3589
1.0,1791442703716712702,9
1.0,1791442849384891169,437
1.0,1791442895991997390,924
1.0,1797122099068797194,826
1.0,1801635223591453292,1896
1.0,1804383582576181309,1
1.0,1805953852441101266,5
1.0,1805953965678920077,19
1.0,1810470908326838736,148
1.0,1814592470537732872,3555
1.0,1819693959081886239,3
1.0,1842735758805303837,4320
1.0,1842735760499802745,2583
1.0,1842735764509557576,22
1.0,1842735768846467167,447
1.0,1858245586344477369,1783
1.0,1871018959927509750,1080
1.0,1889472915104072007,558
1.0,1891434214553813877,16304
1.0,1891434351850160381,3436
1.0,1897124469017673788,782
1.0,1897124478404526487,14217
1.0,1897124489259385629,546
1.0,1897124495995438074,1988
1.0,1911999801088541491,1307
1.0,1911999801642189621,676
1.0,1911999948073730325,4
1.0,1921723491720102387,4885
1.0,1921723506584715388,803
1.0,1924049106385240809,4953
1.0,1924049110428549877,7840
1.0,1933364344720982871,816
1.0,1937169073007756269,3724
1.0,1944358258223350494,613
1.0,1958278551207674674,2479
1.0,1962525118928257818,47
1.0,1962525126503170858,196
1.0,1977575787259232875,3861
1.0,1977683390215749955,474
1.0,1982860244379763042,2414
1.0,1982860263572898112,3933
1.0,1987724780047958178,30
1.0,1998040849203594085,2660
1.0,1998040850688377703,183
1.0,1998040852064109417,1860
1.0,2007399943458784057,13211
1.0,2013754353822728372,627
1.0,2018287324474901238,733
1.0,2018395024110125980,3243
1.0,2020400296164851991,149
1.0,2022516588854378951,595
1.0,2022622168218599898,5
1.0,2028340285225828822,240
1.0,2029082628195353599,3660
1.0,2029731308699124089,1970
1.0,2035665444290953519,3002
1.0,2055161088059638328,5827
1.0,2060156961931919712,45
1.0,2068966806634103136,304
1.0,2069804417665728971,4068
1.0,2071303198680810125,311
1.0,2084144451428549153,46378
1.0,2089259162625114209,5198
1.0,2093602042093240877,1218
1.0,2094448780651791052,213
1.0,2095736144888071137,1061
1.0,2106514244437541443,1169
1.0,2106514244487873093,884
1.0,2115334439910245200,42679
1.0,2121383893343929118,320
1.0,2130081478220972046,1033
1.0,2134354342373753638,4013
1.0,2140803113261466607,9125
1.0,2141560642253881670,6201
1.0,2145935122136826354,763
1.0,2151191059751764547,1367
1.0,2151191059827262021,226
1.0,2151191070908613477,4932
1.0,2151191070984110951,7665
1.0,2151191071051219817,22360
1.0,2151191071118328683,6498
1.0,2151191071378375538,16886
1.0,2151191075757228942,1237
1.0,2154396123597373922,315
1.0,2155132423103316327,140
1.0,2164688961165852944,1688
1.0,2166295400451933025,14
1.0,2177933350667289121,4141
1.0,2187686850687140020,432
1.0,2187790129827939246,1210
1.0,2193074740493550411,920
1.0,2193074740552270669,7328
1.0,2193074740619379535,6102
1.0,2193074740686488401,2388
1.0,2195085255034011676,12685
1.0,2195085255117897760,892
1.0,2195085255176618020,1736
1.0,2195085258179739843,284
1.0,2195085258272014535,4558
1.0,2195085258339123402,107
1.0,2196456817641391019,12033
1.0,2196456817758831535,1416
1.0,2222113024708182273,572
1.0,2235524494015856752,547
1.0,2235524499216793855,168
1.0,2235524499636224267,1252
2.0,1487580004807082827,29
2.0,1487580004832248652,19760
2.0,1487580004857414477,11195
2.0,1487580004882580302,9497
2.0,1487580004916134735,52737
2.0,1487580004941300560,268
2.0,1487580004966466385,9
2.0,1487580004983243602,55
2.0,1487580005008409427,10911
2.0,1487580005025186644,902
2.0,1487580005050352469,35118
2.0,1487580005067129686,11599
2.0,1487580005092295511,154831
2.0,1487580005134238553,56721
2.0,1487580005176181595,14
2.0,1487580005268456287,83023
2.0,1487580005293622112,1292
2.0,1487580005318787937,76
2.0,1487580005343953762,326
2.0,1487580005369119587,3
2.0,1487580005385896804,3169
2.0,1487580005411062629,12733
2.0,1487580005427839846,81998
2.0,1487580005461394279,23764
2.0,1487580005486560104,867
2.0,1487580005511725929,55317
2.0,1487580005528503146,6781
2.0,1487580005553668971,27420
2.0,1487580005570446188,5
2.0,1487580005595612013,148303
2.0,1487580005629166447,486
2.0,1487580005654332272,3
2.0,1487580005671109489,116796
2.0,1487580005687886706,4
2.0,1487580005713052531,63184
2.0,1487580005754995573,98276
2.0,1487580005796938615,17
2.0,1487580005838881657,3292
2.0,1487580005855658874,8110
2.0,1487580005880824699,3
2.0,1487580005897601916,86
2.0,1487580005939544958,6
2.0,1487580005998265217,12
2.0,1487580006056985476,1
2.0,1487580006073762693,24
2.0,1487580006098928518,13
2.0,1487580006132482952,8902
2.0,1487580006157648777,15
2.0,1487580006174425994,45
2.0,1487580006199591819,5
2.0,1487580006216369036,1
2.0,1487580006241534861,12
2.0,1487580006300255120,60943
2.0,1487580006317032337,127965
2.0,1487580006350586771,31498
2.0,1487580006409307030,4449
2.0,1487580006434472855,5957
2.0,1487580006451250072,1448
2.0,1487580006484804506,48
2.0,1487580006509970331,8472
2.0,1487580006526747548,2210
2.0,1487580006551913373,11162
2.0,1487580006568690590,454
2.0,1487580006585467807,17
2.0,1487580006610633632,21
2.0,1487580006644188066,41
2.0,1487580006820348840,4
2.0,1487580006845514665,5
2.0,1487580006870680490,5
2.0,1487580006895846315,38
2.0,1487580006937789357,18
2.0,1487580006962955182,11900
2.0,1487580006979732399,4
2.0,1487580007004898224,77
2.0,1487580007021675441,38
2.0,1487580007046841266,9
2.0,1487580007072007091,14
2.0,1487580007097172916,12
2.0,1487580007113950133,3
2.0,1487580007189447609,9
2.0,1487580007214613434,3
2.0,1487580007256556476,23154
2.0,1487580007281722301,14848
2.0,1487580007306888126,15531
2.0,1487580007365608384,2380
2.0,1487580007399162817,4129
2.0,1487580007432717250,25344
2.0,1487580007457883075,3882
2.0,1487580007483048900,9065
2.0,1487580007508214725,2
2.0,1487580007524991942,1874
2.0,1487580007550157767,3186
2.0,1487580007575323592,13594
2.0,1487580007592100809,3332
2.0,1487580007634043851,24522
2.0,1487580007659209676,9000
2.0,1487580007675986893,191207
2.0,1487580007701152718,463
2.0,1487580007717929935,15557
2.0,1487580007759872977,1400
2.0,1487580007776650194,5747
2.0,1487580007835370453,4421
2.0,1487580007852147670,22966
2.0,1487580007877313495,1742
2.0,1487580007894090712,2324
2.0,1487580007910867929,24257
2.0,1487580007936033754,15235
2.0,1487580007952810971,11322
2.0,1487580007986365405,1511
2.0,1487580008011531230,3731
2.0,1487580008028308447,2874
2.0,1487580008053474272,4000
2.0,1487580008070251489,1412
2.0,1487580008087028706,1337
2.0,1487580008112194531,9246
2.0,1487580008128971748,28
2.0,1487580008145748965,57064
2.0,1487580008162526182,3731
2.0,1487580008187692007,18463
2.0,1487580008221246441,15
2.0,1487580008246412266,77093
2.0,1487580008263189483,32288
2.0,1487580008288355308,12320
2.0,1487580008313521133,13311
2.0,1487580008347075566,16242
2.0,1487580008422573041,286
2.0,1487580008447738866,4829
2.0,1487580008472904691,37
2.0,1487580008523236341,12
2.0,1487580008565179383,11
2.0,1487580008590345208,6
2.0,1487580008607122425,82
2.0,1487580008657454075,13242
2.0,1487580008674231292,25
2.0,1487580008699397117,10
2.0,1487580008758116352,4438
2.0,1487580008774893569,4037
2.0,1487580008800059394,14683
2.0,1487580008816836611,2342
2.0,1487580008858779653,7
2.0,1487580008909111303,554
2.0,1487580008925888520,3
2.0,1487580008951054345,4
2.0,1487580008984608779,5142
2.0,1487580009009774604,1
2.0,1487580009026551821,3675
2.0,1487580009051717646,25935
2.0,1487580009076883471,3308
2.0,1487580009118826513,2289
2.0,1487580009143992338,14495
2.0,1487580009177546772,6485
2.0,1487580009202712597,5104
2.0,1487580009227878422,5954
2.0,1487580009261432856,5008
2.0,1487580009286598681,73113
2.0,1487580009311764506,26313
2.0,1487580009336930331,3712
2.0,1487580009362096156,7044
2.0,1487580009387261981,19950
2.0,1487580009445982239,68995
2.0,1487580009471148064,30722
2.0,1487580009496313889,16575
2.0,1487580009521479714,5995
2.0,1487580009546645539,1204
2.0,1487580009571811364,3491
2.0,1487580009605365797,17602
2.0,1487580009622143014,2851
2.0,1487580009647308839,99
2.0,1487580009672474664,1474
2.0,1487580009739583530,70
2.0,1487580009764749355,11
2.0,1487580009798303788,16
2.0,1487580009823469613,95
2.0,1487580009857024046,1
2.0,1487580010024796212,1
2.0,1487580010049962037,2
2.0,1487580010075127862,41
2.0,1487580010100293687,38363
2.0,1487580010125459512,13389
2.0,1487580010192568379,696
2.0,1487580010217734204,1360
2.0,1487580010242900029,2186
2.0,1487580010268065854,1999
2.0,1487580010293231679,1529
2.0,1487580010318397504,3871
2.0,1487580010335174721,1825
2.0,1487580010360340546,65
2.0,1487580010377117763,1820
2.0,1487580010427449413,1
2.0,1487580010561667147,16149
2.0,1487580010603610189,3
2.0,1487580010628776014,13147
2.0,1487580010645553231,15969
2.0,1487580010662330448,822
2.0,1487580010695884882,3556
2.0,1487580010721050707,1934
2.0,1487580010737827924,1264
2.0,1487580010754605141,3259
2.0,1487580010779770966,3109
2.0,1487580010796548183,14471
2.0,1487580010821714008,9278
2.0,1487580010846879833,913
2.0,1487580010872045658,10469
2.0,1487580010922377308,1252
2.0,1487580010955931741,361
2.0,1487580010989486174,4
2.0,1487580011006263391,5
2.0,1487580011031429216,208
2.0,1487580011073372258,1
2.0,1487580011098538083,1713
2.0,1487580011115315300,2
2.0,1487580011140481125,2
2.0,1487580011157258342,2324
2.0,1487580011182424167,822
2.0,1487580011199201384,4
2.0,1487580011224367209,2
2.0,1487580011241144426,677
2.0,1487580011283087468,14330
2.0,1487580011308253293,6472
2.0,1487580011333419118,1080
2.0,1487580011383750769,17128
2.0,1487580011408916594,4
2.0,1487580011425693811,5
2.0,1487580011450859636,16
2.0,1487580011476025461,957
2.0,1487580011501191286,2418
2.0,1487580011517968503,1392
2.0,1487580011534745720,5488
2.0,1487580011559911545,9
2.0,1487580011585077370,39827
2.0,1487580011601854587,254
2.0,1487580011627020412,14101
2.0,1487580011652186237,14729
2.0,1487580011677352062,6799
2.0,1487580011702517887,13909
2.0,1487580011752849537,612
2.0,1487580011786403970,751
2.0,1487580011828347011,39
2.0,1487580011853512836,7446
2.0,1487580011903844485,1369
2.0,1487580011945787526,399
2.0,1487580011970953351,1755
2.0,1487580011996119176,2898
2.0,1487580012021285001,7942
2.0,1487580012046450826,44
2.0,1487580012071616651,230
2.0,1487580012096782476,23008
2.0,1487580012121948301,2133
2.0,1487580012147114126,203
2.0,1487580012172279951,801
2.0,1487580012205834384,1792
2.0,1487580012231000209,1
2.0,1487580012373606546,5168
2.0,1487580012432326804,1995
2.0,1487580012457492629,1462
2.0,1487580012482658454,11
2.0,1487580012507824279,63
2.0,1487580012524601496,2618
2.0,1487580012574933146,5078
2.0,1487580012591710363,2644
2.0,1487580012616876188,620
2.0,1487580012642042013,4725
2.0,1487580012683985055,3080
2.0,1487580012717539489,2329
2.0,1487580012734316706,272
2.0,1487580012759482531,56
2.0,1487580012784648356,350
2.0,1487580012809814181,606
2.0,1487580012851757223,5
2.0,1487580012876923048,752
2.0,1487580012902088873,14362
2.0,1487580012927254698,12653
2.0,1487580012952420523,922
2.0,1487580012969197740,7212
2.0,1487580012994363565,9482
2.0,1487580013011140782,14383
2.0,1487580013027917999,6003
2.0,1487580013053083824,12057
2.0,1487580013069861041,19138
2.0,1487580013086638258,2934
2.0,1487580013128581300,3295
2.0,1487580013145358517,6509
2.0,1487580013170524342,6150
2.0,1487580013212467384,3949
2.0,1487580013229244601,6916
2.0,1487580013254410426,3858
2.0,1487580013279576251,15413
2.0,1487580013296353468,2982
2.0,1487580013321519293,1819
2.0,1487580013338296510,1560
2.0,1487580013388628160,11914
2.0,1487580013413793985,11253
2.0,1487580013430571202,2170
2.0,1487580013472514244,5330
2.0,1487580013489291461,7287
2.0,1487580013506068678,8986
2.0,1487580013522845895,32847
2.0,1487580013539623112,10134
2.0,1487580013564788937,35
2.0,1487580013581566154,24321
2.0,1487580013615120588,2584
2.0,1487580013640286413,9306
2.0,1487580013657063630,2145
2.0,1487580013690618064,2887
2.0,1487580013732561106,4833
2.0,1487580013749338323,13515
2.0,1487580013782892757,2
2.0,1487580013799669974,1875
2.0,1487580013824835799,4820
2.0,1487580013841613016,71712
2.0,1487580013858390233,13306
2.0,1487580013900333275,1182
2.0,1487580013917110492,619
2.0,1487580013933887709,107
2.0,1487580013950664926,52275
2.0,1487580013992607968,472
2.0,1487580014009385185,4968
2.0,1487580014042939619,118
2.0,1487580014093271270,263
2.0,1495705810662064688,5085
2.0,1495705810704007729,1544
2.0,1495705810729173554,3212
2.0,1495705810754339379,2
2.0,1511892746070131099,12926
2.0,1516331853567492962,2845
2.0,1525995662934540829,8624
2.0,1526733091857498510,3031
2.0,1542195323827388674,10527
2.0,1543705961326182546,3
2.0,1547480590851244887,171
2.0,1554383493545328915,899
2.0,1558526315760452545,1210
2.0,1559261858748170632,703
2.0,1584505206060614455,487
2.0,1588205336064425989,1401
2.0,1597769965795017114,1060
2.0,1597770225539875791,8047
2.0,1602943681873052386,127891
2.0,1604427094756950459,736
2.0,1605161575889502297,7927
2.0,1628099626433249931,16
2.0,1638456119066100510,27136
2.0,1645114480121610699,1875
2.0,1648815651034235876,1035
2.0,1648815843896722076,1
2.0,1657722039387029886,3
2.0,1658462125284131265,19305
2.0,1660394382047576308,679
2.0,1715102762414375164,1337
2.0,1715102773747384334,1522
2.0,1720400165430363096,2175
2.0,1725504706412807026,19
2.0,1752742606699234159,1967
2.0,1752742610406999036,22
2.0,1752742615205281895,2269
2.0,1752742617696698537,1
2.0,1759024699007828783,1
2.0,1761186209054327497,3799
2.0,1783999063314661546,30971
2.0,1783999063574708423,1
2.0,1783999064036081896,1566
2.0,1783999064069636330,6313
2.0,1783999064103190764,18455
2.0,1783999064136745198,22335
2.0,1783999064170299632,1180
2.0,1783999067156644376,18878
2.0,1783999067181810204,140
2.0,1783999068867920626,6927
2.0,1783999068909863670,14907
2.0,1783999071199952917,7961
2.0,1783999071325782053,3387
2.0,1783999072332415142,19007
2.0,1783999072365969578,1082
2.0,1783999072407912622,930
2.0,1783999073758478650,3330
2.0,1783999073792033086,1151
2.0,1783999076535108182,379
2.0,1783999076551885399,6899
2.0,1791442703716712702,14
2.0,1791442849384891169,452
2.0,1791442895991997390,1208
2.0,1797122099068797194,497
2.0,1801635223591453292,1438
2.0,1804383582576181309,3
2.0,1805953852441101266,10
2.0,1805953965678920077,19
2.0,1810470908326838736,193
2.0,1814592470537732872,2741
2.0,1819693959081886239,6
2.0,1842735758805303837,4498
2.0,1842735760499802745,6161
2.0,1842735764509557576,24
2.0,1842735768846467167,435
2.0,1858245586344477369,1524
2.0,1871018959927509750,995
2.0,1889472915104072007,586
2.0,1891434214553813877,16402
2.0,1891434351850160381,3299
2.0,1897124469017673788,879
2.0,1897124478404526487,14717
2.0,1897124489259385629,727
2.0,1897124495995438074,1714
2.0,1911999801088541491,1528
2.0,1911999801642189621,870
2.0,1921723491720102387,6933
2.0,1921723506584715388,901
2.0,1924049106385240809,4482
2.0,1924049110428549877,7682
2.0,1933364344720982871,662
2.0,1937169073007756269,3475
2.0,1944358258223350494,459
2.0,1958278551207674674,2506
2.0,1962525118928257818,40
2.0,1962525126503170858,133
2.0,1977575787259232875,4328
2.0,1977683390215749955,689
2.0,1982860244379763042,1527
2.0,1982860263572898112,4190
2.0,1987724780047958178,35
2.0,1998040849203594085,2242
2.0,1998040850688377703,106
2.0,1998040852064109417,1967
2.0,2007399943458784057,12364
2.0,2013754353822728372,528
2.0,2018287324474901238,830
2.0,2018395024110125980,3377
2.0,2020400296164851991,206
2.0,2022516588854378951,1132
2.0,2022622168218599898,10
2.0,2028340285225828822,181
2.0,2029082628195353599,3133
2.0,2029731308699124089,1835
2.0,2035665444290953519,2526
2.0,2053031020655018687,16
2.0,2055161088059638328,6414
2.0,2055368408169447599,1
2.0,2060156961931919712,52
2.0,2068966806634103136,309
2.0,2069804417665728971,5329
2.0,2071303198680810125,301
2.0,2084144451428549153,48035
2.0,2089259162625114209,26649
2.0,2093602042093240877,1324
2.0,2094448780651791052,179
2.0,2095736144888071137,1049
2.0,2106514244437541443,919
2.0,2106514244487873093,528
2.0,2115334439910245200,40193
2.0,2121383893343929118,310
2.0,2130081478220972046,885
2.0,2134354342373753638,3169
2.0,2140803113261466607,8513
2.0,2141560642253881670,6009
2.0,2145935122136826354,767
2.0,2151191059751764547,1281
2.0,2151191059827262021,153
2.0,2151191070908613477,4243
2.0,2151191070984110951,5769
2.0,2151191071051219817,23184
2.0,2151191071118328683,5784
2.0,2151191071378375538,16001
2.0,2151191075757228942,979
2.0,2154396123597373922,262
2.0,2155132423103316327,238
2.0,2164688961165852944,2122
2.0,2166295400451933025,8
2.0,2177933350667289121,5980
2.0,2187686850687140020,553
2.0,2187790129827939246,1603
2.0,2193074740493550411,945
2.0,2193074740552270669,6405
2.0,2193074740619379535,6537
2.0,2193074740686488401,2556
2.0,2195085255034011676,10343
2.0,2195085255117897760,788
2.0,2195085255176618020,1561
2.0,2195085258179739843,356
2.0,2195085258272014535,3851
2.0,2195085258339123402,88
2.0,2196456817641391019,11106
2.0,2196456817758831535,1432
2.0,2222113024708182273,966
2.0,2235524494015856752,492
2.0,2235524499216793855,3125
2.0,2235524499636224267,1379
2.0,2242903426784559183,211
10.0,1487580004832248652,12344
10.0,1487580004857414477,13155
10.0,1487580004882580302,12234
10.0,1487580004916134735,42639
10.0,1487580004966466385,9
10.0,1487580004983243602,305
10.0,1487580005008409427,16281
10.0,1487580005025186644,702
10.0,1487580005050352469,38117
10.0,1487580005067129686,8440
10.0,1487580005092295511,145139
10.0,1487580005134238553,90553
10.0,1487580005176181595,70
10.0,1487580005268456287,87102
10.0,1487580005293622112,205
10.0,1487580005318787937,80
10.0,1487580005343953762,1214
10.0,1487580005369119587,2
10.0,1487580005385896804,6028
10.0,1487580005411062629,25804
10.0,1487580005427839846,69177
10.0,1487580005461394279,33812
10.0,1487580005486560104,1233
10.0,1487580005511725929,48593
10.0,1487580005528503146,9729
10.0,1487580005553668971,28828
10.0,1487580005570446188,6
10.0,1487580005595612013,103206
10.0,1487580005629166447,1021
10.0,1487580005654332272,3
10.0,1487580005671109489,151026
10.0,1487580005687886706,7
10.0,1487580005713052531,56784
10.0,1487580005754995573,102925
10.0,1487580005855658874,2777
10.0,1487580005880824699,1082
10.0,1487580005897601916,7297
10.0,1487580005922767741,275
10.0,1487580005939544958,9
10.0,1487580005998265217,132
10.0,1487580006015042434,779
10.0,1487580006056985476,970
10.0,1487580006073762693,3685
10.0,1487580006098928518,662
10.0,1487580006132482952,7546
10.0,1487580006157648777,252
10.0,1487580006174425994,303
10.0,1487580006199591819,2943
10.0,1487580006216369036,1
10.0,1487580006241534861,6343
10.0,1487580006300255120,59611
10.0,1487580006317032337,137977
10.0,1487580006350586771,27695
10.0,1487580006409307030,5008
10.0,1487580006434472855,4986
10.0,1487580006451250072,1955
10.0,1487580006484804506,599
10.0,1487580006509970331,8383
10.0,1487580006526747548,2479
10.0,1487580006551913373,11259
10.0,1487580006585467807,7
10.0,1487580006610633632,24
10.0,1487580006627410849,954
10.0,1487580006644188066,9602
10.0,1487580006711296933,550
10.0,1487580006744851367,4
10.0,1487580006820348840,541
10.0,1487580006845514665,411
10.0,1487580006870680490,1112
10.0,1487580006895846315,22192
10.0,1487580006937789357,8855
10.0,1487580006979732399,670
10.0,1487580007004898224,551
10.0,1487580007021675441,1214
10.0,1487580007046841266,1733
10.0,1487580007072007091,1910
10.0,1487580007097172916,870
10.0,1487580007113950133,594
10.0,1487580007139115958,485
10.0,1487580007172670392,1884
10.0,1487580007189447609,4793
10.0,1487580007214613434,1806
10.0,1487580007256556476,22112
10.0,1487580007281722301,15919
10.0,1487580007306888126,13007
10.0,1487580007365608384,3326
10.0,1487580007399162817,6419
10.0,1487580007432717250,27823
10.0,1487580007457883075,4300
10.0,1487580007483048900,9512
10.0,1487580007508214725,21
10.0,1487580007524991942,1496
10.0,1487580007550157767,4838
10.0,1487580007575323592,13377
10.0,1487580007592100809,5250
10.0,1487580007634043851,25913
10.0,1487580007659209676,7441
10.0,1487580007675986893,196674
10.0,1487580007701152718,522
10.0,1487580007717929935,20999
10.0,1487580007759872977,1911
10.0,1487580007776650194,5691
10.0,1487580007835370453,3247
10.0,1487580007852147670,21533
10.0,1487580007877313495,1614
10.0,1487580007894090712,2443
10.0,1487580007910867929,23565
10.0,1487580007936033754,16617
10.0,1487580007952810971,11601
10.0,1487580007986365405,1906
10.0,1487580008011531230,1468
10.0,1487580008028308447,1349
10.0,1487580008053474272,1229
10.0,1487580008070251489,828
10.0,1487580008087028706,468
10.0,1487580008112194531,4710
10.0,1487580008128971748,93
10.0,1487580008145748965,56921
10.0,1487580008162526182,4625
10.0,1487580008187692007,18188
10.0,1487580008204469224,2
10.0,1487580008221246441,23
10.0,1487580008246412266,76824
10.0,1487580008263189483,36697
10.0,1487580008288355308,13559
10.0,1487580008313521133,14829
10.0,1487580008422573041,739
10.0,1487580008447738866,10882
10.0,1487580008472904691,24
10.0,1487580008523236341,7
10.0,1487580008590345208,52
10.0,1487580008607122425,11333
10.0,1487580008657454075,18795
10.0,1487580008674231292,52
10.0,1487580008699397117,2076
10.0,1487580008758116352,4350
10.0,1487580008774893569,4407
10.0,1487580008800059394,13667
10.0,1487580008816836611,2214
10.0,1487580008858779653,651
10.0,1487580008909111303,4057
10.0,1487580008925888520,20
10.0,1487580008951054345,98
10.0,1487580008984608779,6019
10.0,1487580009009774604,1
10.0,1487580009026551821,4779
10.0,1487580009051717646,30103
10.0,1487580009076883471,3720
10.0,1487580009118826513,2411
10.0,1487580009143992338,19973
10.0,1487580009177546772,5133
10.0,1487580009202712597,5564
10.0,1487580009227878422,5625
10.0,1487580009261432856,5213
10.0,1487580009286598681,66578
10.0,1487580009311764506,31090
10.0,1487580009336930331,2656
10.0,1487580009362096156,7992
10.0,1487580009387261981,20869
10.0,1487580009445982239,47642
10.0,1487580009471148064,28351
10.0,1487580009496313889,14891
10.0,1487580009521479714,5886
10.0,1487580009546645539,1484
10.0,1487580009571811364,2350
10.0,1487580009605365797,18717
10.0,1487580009622143014,2684
10.0,1487580009647308839,1
10.0,1487580009672474664,1081
10.0,1487580009739583530,140
10.0,1487580009764749355,5
10.0,1487580009798303788,56
10.0,1487580009823469613,379
10.0,1487580009857024046,1
10.0,1487580009890578479,1
10.0,1487580009974464562,273
10.0,1487580010024796212,2
10.0,1487580010049962037,4
10.0,1487580010075127862,18
10.0,1487580010100293687,36812
10.0,1487580010125459512,14733
10.0,1487580010150625337,98
10.0,1487580010192568379,664
10.0,1487580010217734204,1848
10.0,1487580010242900029,2396
10.0,1487580010268065854,2022
10.0,1487580010293231679,1645
10.0,1487580010318397504,4299
10.0,1487580010335174721,1826
10.0,1487580010360340546,76
10.0,1487580010377117763,1214
10.0,1487580010427449413,2
10.0,1487580010561667147,10590
10.0,1487580010603610189,4
10.0,1487580010628776014,14728
10.0,1487580010645553231,19312
10.0,1487580010662330448,760
10.0,1487580010695884882,5841
10.0,1487580010721050707,1836
10.0,1487580010737827924,1244
10.0,1487580010754605141,3402
10.0,1487580010779770966,4012
10.0,1487580010796548183,10783
10.0,1487580010821714008,7289
10.0,1487580010846879833,407
10.0,1487580010872045658,8656
10.0,1487580010922377308,1218
10.0,1487580010955931741,351
10.0,1487580010989486174,4
10.0,1487580011006263391,5
10.0,1487580011031429216,281
10.0,1487580011098538083,1464
10.0,1487580011115315300,4
10.0,1487580011157258342,2032
10.0,1487580011182424167,703
10.0,1487580011199201384,3
10.0,1487580011241144426,729
10.0,1487580011283087468,14232
10.0,1487580011308253293,5900
10.0,1487580011333419118,390
10.0,1487580011383750769,22
10.0,1487580011408916594,8381
10.0,1487580011425693811,7694
10.0,1487580011476025461,865
10.0,1487580011501191286,6476
10.0,1487580011517968503,1322
10.0,1487580011534745720,5164
10.0,1487580011559911545,2
10.0,1487580011585077370,46796
10.0,1487580011601854587,381
10.0,1487580011627020412,14133
10.0,1487580011652186237,16411
10.0,1487580011677352062,7850
10.0,1487580011702517887,15294
10.0,1487580011752849537,403
10.0,1487580011786403970,602
10.0,1487580011828347011,16
10.0,1487580011853512836,6126
10.0,1487580011903844485,768
10.0,1487580011945787526,403
10.0,1487580011970953351,2073
10.0,1487580011996119176,2786
10.0,1487580012021285001,6455
10.0,1487580012071616651,1
10.0,1487580012096782476,20991
10.0,1487580012121948301,2286
10.0,1487580012147114126,199
10.0,1487580012172279951,1085
10.0,1487580012205834384,1049
10.0,1487580012373606546,4210
10.0,1487580012432326804,2574
10.0,1487580012457492629,769
10.0,1487580012482658454,15
10.0,1487580012507824279,6
10.0,1487580012524601496,3395
10.0,1487580012549767321,2
10.0,1487580012574933146,5261
10.0,1487580012591710363,2676
10.0,1487580012616876188,589
10.0,1487580012642042013,4686
10.0,1487580012658819230,2
10.0,1487580012683985055,3427
10.0,1487580012717539489,2790
10.0,1487580012734316706,195
10.0,1487580012759482531,199
10.0,1487580012784648356,718
10.0,1487580012809814181,473
10.0,1487580012851757223,6
10.0,1487580012876923048,733
10.0,1487580012902088873,14203
10.0,1487580012927254698,14054
10.0,1487580012952420523,1041
10.0,1487580012969197740,7741
10.0,1487580012994363565,8588
10.0,1487580013011140782,13825
10.0,1487580013027917999,6199
10.0,1487580013053083824,13439
10.0,1487580013069861041,18650
10.0,1487580013086638258,2663
10.0,1487580013128581300,1761
10.0,1487580013145358517,4875
10.0,1487580013170524342,4846
10.0,1487580013212467384,3289
10.0,1487580013229244601,4474
10.0,1487580013254410426,4540
10.0,1487580013279576251,8323
10.0,1487580013296353468,2007
10.0,1487580013321519293,1482
10.0,1487580013338296510,1405
10.0,1487580013388628160,9014
10.0,1487580013413793985,5114
10.0,1487580013430571202,3064
10.0,1487580013472514244,2340
10.0,1487580013489291461,7209
10.0,1487580013506068678,8738
10.0,1487580013522845895,33970
10.0,1487580013539623112,8038
10.0,1487580013564788937,77
10.0,1487580013581566154,22211
10.0,1487580013615120588,2501
10.0,1487580013640286413,8914
10.0,1487580013657063630,1652
10.0,1487580013690618064,3237
10.0,1487580013732561106,3989
10.0,1487580013749338323,14663
10.0,1487580013782892757,4
10.0,1487580013799669974,1672
10.0,1487580013824835799,2533
10.0,1487580013841613016,78970
10.0,1487580013858390233,12934
10.0,1487580013900333275,1719
10.0,1487580013917110492,1804
10.0,1487580013933887709,135
10.0,1487580013950664926,57393
10.0,1487580013992607968,538
10.0,1487580014009385185,5283
10.0,1487580014042939619,98
10.0,1487580014093271270,259
10.0,1495705810662064688,5235
10.0,1495705810704007729,2037
10.0,1495705810729173554,2674
10.0,1495705810754339379,5
10.0,1511892746070131099,13138
10.0,1516331853567492962,2638
10.0,1525995662934540829,8874
10.0,1526733091857498510,3921
10.0,1532652067498229876,1420
10.0,1542195323827388674,8912
10.0,1543705961326182546,1525
10.0,1547480590851244887,442
10.0,1554383493545328915,654
10.0,1558526315760452545,1190
10.0,1559261858748170632,818
10.0,1584505206060614455,279
10.0,1588205336064425989,999
10.0,1597769965795017114,1883
10.0,1597770225539875791,6395
10.0,1602943681873052386,93510
10.0,1604427094756950459,963
10.0,1604427145138930210,37
10.0,1605161575889502297,6930
10.0,1628099626433249931,107
10.0,1638456119066100510,47552
10.0,1645114480121610699,3129
10.0,1648815651034235876,1169
10.0,1648815843896722076,6
10.0,1657722039387029886,224
10.0,1658462125284131265,24615
10.0,1660394382047576308,700
10.0,1715102762414375164,1044
10.0,1715102773747384334,1544
10.0,1720400165430363096,2383
10.0,1725504706412807026,964
10.0,1752742606699234159,1577
10.0,1752742610406999036,303
10.0,1752742615205281895,2553
10.0,1752742617696698537,8
10.0,1759024698982662957,112
10.0,1759024699007828783,1021
10.0,1761186209054327497,2661
10.0,1783999063314661546,18885
10.0,1783999063574708423,1599
10.0,1783999064036081896,103
10.0,1783999064103190764,5408
10.0,1783999064136745198,10220
10.0,1783999064170299632,61
10.0,1783999067156644376,19503
10.0,1783999067181810204,138
10.0,1783999068867920626,7646
10.0,1783999068909863670,16741
10.0,1783999071199952917,7741
10.0,1783999071325782053,2588
10.0,1783999072332415142,16016
10.0,1783999072365969578,1475
10.0,1783999072407912622,767
10.0,1783999073758478650,3060
10.0,1783999073792033086,1829
10.0,1783999076535108182,701
10.0,1783999076551885399,3352
10.0,1791442703716712702,14
10.0,1791442849384891169,476
10.0,1791442895991997390,864
10.0,1797122099068797194,717
10.0,1801635223591453292,1128
10.0,1804383582576181309,1030
10.0,1805953852441101266,907
10.0,1805953965678920077,20
10.0,1810470908326838736,123
10.0,1814592470537732872,1146
10.0,1819693959081886239,3317
10.0,1842735758805303837,3685
10.0,1842735760499802745,5751
10.0,1842735764450837316,34
10.0,1842735764509557576,1391
10.0,1842735768846467167,489
10.0,1858245586344477369,1991
10.0,1871018959927509750,4397
10.0,1889472915104072007,633
10.0,1891434214553813877,11781
10.0,1891434351850160381,4626
10.0,1897124469017673788,1845
10.0,1897124478404526487,10401
10.0,1897124489259385629,862
10.0,1897124495995438074,1647
10.0,1911999801088541491,1911
10.0,1911999801642189621,1127
10.0,1911999884991397970,224
10.0,1911999948073730325,354
10.0,1913479463425802701,125
10.0,1921723491720102387,3501
10.0,1921723506584715388,640
10.0,1924049106385240809,6981
10.0,1924049110428549877,10651
10.0,1924049287554007223,445
10.0,1926797403503985079,625
10.0,1933364344720982871,1567
10.0,1933472286753424063,2953
10.0,1936327050549789532,181
10.0,1937169073007756269,4259
10.0,1944358258223350494,615
10.0,1958278551207674674,2441
10.0,1962525118928257818,137
10.0,1962525126503170858,282
10.0,1962525462299148572,252
10.0,1977575775473238831,189
10.0,1977575787259232875,4294
10.0,1977786601392047073,1184
10.0,1982860244379763042,4583
10.0,1982860263572898112,3584
10.0,1987724780047958178,157
10.0,1998040849203594085,2452
10.0,1998040850688377703,508
10.0,1998040852064109417,1491
10.0,2007399943458784057,7424
10.0,2013754353822728372,1735
10.0,2018287324474901238,828
10.0,2018395024110125980,3338
10.0,2020400296164851991,333
10.0,2022516588854378951,293
10.0,2022622168218599898,123
10.0,2027602240612598357,175
10.0,2028340285225828822,191
10.0,2029082628195353599,3637
10.0,2029731308699124089,2437
10.0,2035665444290953519,4051
10.0,2055161088059638328,6797
10.0,2055368408169447599,479
10.0,2060156961931919712,48
10.0,2068966806634103136,226
10.0,2069171133327868014,920
10.0,2069804417665728971,4771
10.0,2069804424703771380,72
10.0,2071303198680810125,520
10.0,2084144451428549153,35735
10.0,2089259162625114209,3486
10.0,2093602042093240877,1512
10.0,2094448780651791052,560
10.0,2095736144888071137,1218
10.0,2106514244437541443,543
10.0,2106514244487873093,672
10.0,2114584564549550293,6612
10.0,2115334439910245200,3472
10.0,2121383893343929118,524
10.0,2130081478220972046,692
10.0,2134354342373753638,4780
10.0,2134354356349173879,96
10.0,2140803113261466607,8108
10.0,2141560642253881670,5865
10.0,2145935122136826354,195
10.0,2151191059751764547,925
10.0,2151191059827262021,189
10.0,2151191070908613477,3379
10.0,2151191070984110951,4458
10.0,2151191071051219817,17296
10.0,2151191071118328683,6489
10.0,2151191071378375538,18229
10.0,2151191075757228942,465
10.0,2154396123597373922,70
10.0,2155132423103316327,82
10.0,2164688961165852944,101
10.0,2187686850687140020,275
10.0,2193074740493550411,863
10.0,2193074740552270669,6350
10.0,2193074740619379535,6213
10.0,2193074740686488401,1712
10.0,2195085255034011676,11248
10.0,2195085255117897760,1065
10.0,2195085255176618020,2103
10.0,2195085258272014535,1781
10.0,2195085258339123402,13
11.0,1487580004832248652,13096
11.0,1487580004857414477,33830
11.0,1487580004882580302,13305
11.0,1487580004916134735,61014
11.0,1487580004966466385,7
11.0,1487580004983243602,250
11.0,1487580005008409427,17189
11.0,1487580005025186644,894
11.0,1487580005050352469,45030
11.0,1487580005067129686,6270
11.0,1487580005092295511,176310
11.0,1487580005134238553,72966
11.0,1487580005176181595,57
11.0,1487580005268456287,106885
11.0,1487580005293622112,375
11.0,1487580005318787937,131
11.0,1487580005343953762,1736
11.0,1487580005369119587,1
11.0,1487580005385896804,3115
11.0,1487580005411062629,29814
11.0,1487580005427839846,33729
11.0,1487580005461394279,27501
11.0,1487580005486560104,900
11.0,1487580005511725929,61668
11.0,1487580005528503146,6501
11.0,1487580005553668971,34259
11.0,1487580005570446188,18
11.0,1487580005595612013,218834
11.0,1487580005629166447,1009
11.0,1487580005671109489,148869
11.0,1487580005687886706,7
11.0,1487580005713052531,62608
11.0,1487580005754995573,42410
11.0,1487580005796938615,1
11.0,1487580005855658874,4220
11.0,1487580005880824699,1030
11.0,1487580005897601916,6082
11.0,1487580005922767741,361
11.0,1487580005939544958,4
11.0,1487580005998265217,110
11.0,1487580006015042434,1226
11.0,1487580006056985476,823
11.0,1487580006073762693,3864
11.0,1487580006098928518,972
11.0,1487580006132482952,8232
11.0,1487580006157648777,338
11.0,1487580006174425994,157
11.0,1487580006199591819,3535
11.0,1487580006216369036,2
11.0,1487580006241534861,7403
11.0,1487580006300255120,64695
11.0,1487580006317032337,145141
11.0,1487580006350586771,31971
11.0,1487580006409307030,5348
11.0,1487580006434472855,5780
11.0,1487580006451250072,3398
11.0,1487580006484804506,603
11.0,1487580006509970331,9573
11.0,1487580006526747548,2672
11.0,1487580006551913373,14025
11.0,1487580006585467807,10
11.0,1487580006610633632,22
11.0,1487580006627410849,1207
11.0,1487580006644188066,10683
11.0,1487580006711296933,675
11.0,1487580006744851367,1
11.0,1487580006820348840,679
11.0,1487580006845514665,380
11.0,1487580006870680490,1133
11.0,1487580006895846315,24009
11.0,1487580006937789357,10582
11.0,1487580006979732399,1107
11.0,1487580007004898224,460
11.0,1487580007021675441,1709
11.0,1487580007046841266,1892
11.0,1487580007072007091,2292
11.0,1487580007097172916,926
11.0,1487580007113950133,749
11.0,1487580007139115958,993
11.0,1487580007172670392,3042
11.0,1487580007189447609,5850
11.0,1487580007214613434,3127
11.0,1487580007256556476,27832
11.0,1487580007281722301,18891
11.0,1487580007306888126,15913
11.0,1487580007365608384,2999
11.0,1487580007399162817,7827
11.0,1487580007432717250,36470
11.0,1487580007457883075,5492
11.0,1487580007483048900,9037
11.0,1487580007508214725,15
11.0,1487580007524991942,1360
11.0,1487580007550157767,5165
11.0,1487580007575323592,15041
11.0,1487580007592100809,7193
11.0,1487580007634043851,32541
11.0,1487580007659209676,9322
11.0,1487580007675986893,299847
11.0,1487580007701152718,331
11.0,1487580007717929935,19796
11.0,1487580007759872977,1624
11.0,1487580007776650194,6637
11.0,1487580007835370453,3579
11.0,1487580007852147670,21090
11.0,1487580007877313495,1586
11.0,1487580007894090712,2505
11.0,1487580007910867929,27862
11.0,1487580007936033754,17659
11.0,1487580007952810971,13096
11.0,1487580007986365405,1320
11.0,1487580008011531230,2076
11.0,1487580008028308447,1265
11.0,1487580008053474272,1397
11.0,1487580008070251489,808
11.0,1487580008087028706,310
11.0,1487580008112194531,4872
11.0,1487580008128971748,7
11.0,1487580008145748965,65858
11.0,1487580008162526182,4453
11.0,1487580008187692007,19876
11.0,1487580008221246441,23
11.0,1487580008246412266,79979
11.0,1487580008263189483,36134
11.0,1487580008288355308,13596
11.0,1487580008313521133,14702
11.0,1487580008422573041,745
11.0,1487580008447738866,10225
11.0,1487580008472904691,41
11.0,1487580008523236341,4
11.0,1487580008565179383,1
11.0,1487580008590345208,70
11.0,1487580008607122425,8484
11.0,1487580008657454075,13816
11.0,1487580008674231292,33
11.0,1487580008699397117,1826
11.0,1487580008758116352,4238
11.0,1487580008774893569,4653
11.0,1487580008800059394,11455
11.0,1487580008816836611,2304
11.0,1487580008858779653,173
11.0,1487580008909111303,894
11.0,1487580008925888520,9
11.0,1487580008951054345,59
11.0,1487580008984608779,5655
11.0,1487580009009774604,7
11.0,1487580009026551821,4189
11.0,1487580009051717646,32521
11.0,1487580009076883471,3606
11.0,1487580009118826513,2575
11.0,1487580009143992338,19744
11.0,1487580009177546772,6645
11.0,1487580009202712597,6888
11.0,1487580009227878422,7264
11.0,1487580009261432856,5063
11.0,1487580009286598681,85088
11.0,1487580009311764506,28078
11.0,1487580009336930331,3118
11.0,1487580009362096156,7948
11.0,1487580009387261981,23831
11.0,1487580009445982239,54910
11.0,1487580009471148064,31983
11.0,1487580009496313889,16815
11.0,1487580009521479714,6166
11.0,1487580009546645539,1560
11.0,1487580009571811364,2725
11.0,1487580009605365797,20325
11.0,1487580009622143014,2602
11.0,1487580009672474664,1659
11.0,1487580009739583530,189
11.0,1487580009764749355,4
11.0,1487580009798303788,72
11.0,1487580009823469613,306
11.0,1487580009974464562,367
11.0,1487580010075127862,43
11.0,1487580010100293687,48209
11.0,1487580010125459512,14657
11.0,1487580010150625337,83
11.0,1487580010192568379,644
11.0,1487580010217734204,1942
11.0,1487580010242900029,2136
11.0,1487580010268065854,2122
11.0,1487580010293231679,1429
11.0,1487580010318397504,4467
11.0,1487580010335174721,1702
11.0,1487580010360340546,78
11.0,1487580010377117763,1717
11.0,1487580010427449413,1
11.0,1487580010561667147,12552
11.0,1487580010603610189,3
11.0,1487580010628776014,16019
11.0,1487580010645553231,19727
11.0,1487580010662330448,876
11.0,1487580010695884882,5822
11.0,1487580010721050707,1788
11.0,1487580010737827924,1436
11.0,1487580010754605141,4258
11.0,1487580010779770966,4298
11.0,1487580010796548183,16658
11.0,1487580010821714008,10446
11.0,1487580010846879833,503
11.0,1487580010872045658,11189
11.0,1487580010897211483,1
11.0,1487580010922377308,1475
11.0,1487580010955931741,484
11.0,1487580010989486174,9
11.0,1487580011006263391,4
11.0,1487580011031429216,264
11.0,1487580011098538083,1896
11.0,1487580011115315300,4
11.0,1487580011140481125,1
11.0,1487580011157258342,2933
11.0,1487580011182424167,1086
11.0,1487580011199201384,3
11.0,1487580011224367209,1
11.0,1487580011241144426,750
11.0,1487580011283087468,14148
11.0,1487580011308253293,5122
11.0,1487580011333419118,360
11.0,1487580011383750769,6
11.0,1487580011408916594,11686
11.0,1487580011425693811,10802
11.0,1487580011476025461,1005
11.0,1487580011501191286,9248
11.0,1487580011517968503,1451
11.0,1487580011534745720,6792
11.0,1487580011559911545,3
11.0,1487580011585077370,41076
11.0,1487580011601854587,354
11.0,1487580011627020412,16844
11.0,1487580011652186237,18162
11.0,1487580011677352062,9445
11.0,1487580011702517887,14967
11.0,1487580011752849537,496
11.0,1487580011786403970,657
11.0,1487580011828347011,31
11.0,1487580011853512836,7329
11.0,1487580011903844485,1022
11.0,1487580011945787526,446
11.0,1487580011970953351,2049
11.0,1487580011996119176,2920
11.0,1487580012021285001,7542
11.0,1487580012071616651,161
11.0,1487580012096782476,28299
11.0,1487580012121948301,2437
11.0,1487580012147114126,168
11.0,1487580012172279951,1015
11.0,1487580012205834384,1549
11.0,1487580012231000209,1
11.0,1487580012373606546,4711
11.0,1487580012432326804,2047
11.0,1487580012457492629,704
11.0,1487580012482658454,24
11.0,1487580012507824279,95
11.0,1487580012524601496,3715
11.0,1487580012574933146,5158
11.0,1487580012591710363,2774
11.0,1487580012616876188,555
11.0,1487580012642042013,4856
11.0,1487580012683985055,3829
11.0,1487580012717539489,2136
11.0,1487580012734316706,327
11.0,1487580012759482531,50
11.0,1487580012784648356,610
11.0,1487580012809814181,468
11.0,1487580012851757223,4
11.0,1487580012876923048,875
11.0,1487580012902088873,14252
11.0,1487580012927254698,14880
11.0,1487580012952420523,907
11.0,1487580012969197740,9077
11.0,1487580012994363565,9911
11.0,1487580013011140782,15320
11.0,1487580013027917999,6711
11.0,1487580013053083824,13248
11.0,1487580013069861041,20592
11.0,1487580013086638258,3545
11.0,1487580013128581300,1853
11.0,1487580013145358517,4873
11.0,1487580013170524342,4898
11.0,1487580013212467384,4128
11.0,1487580013229244601,5438
11.0,1487580013254410426,3781
11.0,1487580013279576251,9408
11.0,1487580013296353468,2321
11.0,1487580013321519293,1544
11.0,1487580013338296510,1533
11.0,1487580013363462335,3
11.0,1487580013388628160,11367
11.0,1487580013413793985,7121
11.0,1487580013430571202,2715
11.0,1487580013472514244,5114
11.0,1487580013489291461,8492
11.0,1487580013506068678,9075
11.0,1487580013522845895,36070
11.0,1487580013539623112,9617
11.0,1487580013564788937,35
11.0,1487580013581566154,25408
11.0,1487580013615120588,2301
11.0,1487580013640286413,9354
11.0,1487580013657063630,1613
11.0,1487580013690618064,3355
11.0,1487580013732561106,4627
11.0,1487580013749338323,16761
11.0,1487580013782892757,7
11.0,1487580013799669974,1636
11.0,1487580013824835799,2788
11.0,1487580013841613016,69186
11.0,1487580013858390233,14224
11.0,1487580013900333275,1217
11.0,1487580013917110492,1158
11.0,1487580013933887709,241
11.0,1487580013950664926,65425
11.0,1487580013992607968,598
11.0,1487580014009385185,5676
11.0,1487580014042939619,78
11.0,1487580014093271270,264
11.0,1495705810662064688,5743
11.0,1495705810704007729,1843
11.0,1495705810729173554,2749
11.0,1495705810754339379,1
11.0,1511892746070131099,14022
11.0,1516331853567492962,2991
11.0,1525995662934540829,10740
11.0,1526733091857498510,3463
11.0,1532652067498229876,2268
11.0,1542195323827388674,10097
11.0,1543705961326182546,1901
11.0,1547480590851244887,231
11.0,1554383493545328915,946
11.0,1558526315760452545,1184
11.0,1559261858748170632,676
11.0,1584505206060614455,428
11.0,1588205336064425989,994
11.0,1597769965795017114,2460
11.0,1597770225539875791,7333
11.0,1602943681873052386,152081
11.0,1604427094756950459,1430
11.0,1604427145138930210,70
11.0,1605161575889502297,8789
11.0,1628099626433249931,80
11.0,1638456119066100510,16632
11.0,1645114480121610699,3219
11.0,1648815651034235876,994
11.0,1648815843896722076,1
11.0,1657722039387029886,156
11.0,1658462125284131265,24873
11.0,1660394382047576308,855
11.0,1715102762414375164,1185
11.0,1715102773747384334,1493
11.0,1720400165430363096,2570
11.0,1725504706412807026,854
11.0,1752742606699234159,773
11.0,1752742610406999036,226
11.0,1752742615205281895,2690
11.0,1752742617696698537,17
11.0,1759024698982662957,123
11.0,1759024699007828783,1633
11.0,1761186209054327497,3131
11.0,1783999063314661546,20946
11.0,1783999063574708423,2051
11.0,1783999064036081896,105
11.0,1783999064103190764,6729
11.0,1783999064136745198,13883
11.0,1783999064170299632,48
11.0,1783999067156644376,19149
11.0,1783999067181810204,148
11.0,1783999068867920626,8613
11.0,1783999068909863670,18549
11.0,1783999071199952917,11956
11.0,1783999071325782053,3237
11.0,1783999072332415142,18652
11.0,1783999072365969578,973
11.0,1783999072407912622,713
11.0,1783999073758478650,3584
11.0,1783999073792033086,1305
11.0,1783999076535108182,473
11.0,1783999076551885399,3515
11.0,1791442703716712702,8
11.0,1791442849384891169,411
11.0,1791442895991997390,974
11.0,1797122099068797194,468
11.0,1801635223591453292,1212
11.0,1804383582576181309,1490
11.0,1805953852441101266,1057
11.0,1805953965678920077,14
11.0,1810470908326838736,101
11.0,1814592470537732872,1565
11.0,1819693959081886239,3949
11.0,1842735758805303837,7388
11.0,1842735760499802745,4740
11.0,1842735764450837316,34
11.0,1842735764509557576,1735
11.0,1842735768846467167,499
11.0,1858245586344477369,1408
11.0,1871018959927509750,1760
11.0,1889472915104072007,522
11.0,1891434214553813877,13986
11.0,1891434351850160381,4628
11.0,1897124469017673788,1754
11.0,1897124478404526487,11954
11.0,1897124489259385629,955
11.0,1897124495995438074,1920
11.0,1911999801088541491,1410
11.0,1911999801642189621,1551
11.0,1911999884991397970,170
11.0,1911999948073730325,330
11.0,1913479463425802701,88
11.0,1921723491720102387,2230
11.0,1921723506584715388,605
11.0,1924049106385240809,7305
11.0,1924049110428549877,9617
11.0,1924049287554007223,375
11.0,1926797403503985079,695
11.0,1933364344720982871,1239
11.0,1933472286753424063,2334
11.0,1936327050549789532,115
11.0,1937169073007756269,4587
11.0,1944358258223350494,604
11.0,1958278551207674674,2511
11.0,1962525118928257818,69
11.0,1962525126503170858,210
11.0,1962525462299148572,92
11.0,1977575775473238831,134
11.0,1977575787259232875,3992
11.0,1977786601392047073,506
11.0,1982860244379763042,2571
11.0,1982860263572898112,2911
11.0,1987724780047958178,91
11.0,1998040849203594085,3539
11.0,1998040850688377703,509
11.0,1998040852064109417,2407
11.0,2007399943458784057,10631
11.0,2013754353822728372,1085
11.0,2018287324474901238,570
11.0,2018395024110125980,3342
11.0,2020400296164851991,281
11.0,2022516588854378951,425
11.0,2022622168218599898,185
11.0,2027602240612598357,212
11.0,2028340285225828822,122
11.0,2029082628195353599,4129
11.0,2029731308699124089,2028
11.0,2035665444290953519,3733
11.0,2055161088059638328,8138
11.0,2055368408169447599,1189
11.0,2060156961931919712,64
11.0,2068966806634103136,307
11.0,2069171133327868014,1104
11.0,2069804417665728971,4480
11.0,2069804424703771380,143
11.0,2071303198680810125,282
11.0,2084144451428549153,49818
11.0,2089259162625114209,3932
11.0,2093602042093240877,1670
11.0,2094448780651791052,265
11.0,2095736144888071137,874
11.0,2106514244437541443,877
11.0,2106514244487873093,798
11.0,2114584564549550293,10367
11.0,2115334439910245200,35169
11.0,2121383893343929118,346
11.0,2130081478220972046,770
11.0,2134354342373753638,4360
11.0,2134354356349173879,161
11.0,2140803113261466607,9925
11.0,2141560642253881670,6982
11.0,2145935122136826354,107
11.0,2151191059751764547,1209
11.0,2151191059827262021,143
11.0,2151191070908613477,4060
11.0,2151191070984110951,4707
11.0,2151191071051219817,19663
11.0,2151191071118328683,6816
11.0,2151191071378375538,18099
11.0,2151191075757228942,621
11.0,2154396123597373922,432
11.0,2155132423103316327,166
11.0,2164688961165852944,128
11.0,2166295400451933025,11
11.0,2177933350667289121,5579
11.0,2187686850687140020,398
11.0,2187790129827939246,81
11.0,2193074740493550411,884
11.0,2193074740552270669,7411
11.0,2193074740619379535,7210
11.0,2193074740686488401,1994
11.0,2195085255034011676,12320
11.0,2195085255117897760,1020
11.0,2195085255176618020,1905
11.0,2195085258272014535,2098
11.0,2195085258339123402,12
12.0,1487580004807082827,26
12.0,1487580004832248652,10190
12.0,1487580004857414477,10536
12.0,1487580004882580302,9863
12.0,1487580004916134735,35990
12.0,1487580004941300560,134
12.0,1487580004966466385,14
12.0,1487580004983243602,30
12.0,1487580005008409427,10662
12.0,1487580005025186644,383
12.0,1487580005050352469,26383
12.0,1487580005067129686,6436
12.0,1487580005092295511,123718
12.0,1487580005134238553,51452
12.0,1487580005159404378,2
12.0,1487580005176181595,31
12.0,1487580005268456287,74688
12.0,1487580005293622112,892
12.0,1487580005318787937,54
12.0,1487580005343953762,689
12.0,1487580005369119587,4
12.0,1487580005385896804,2058
12.0,1487580005411062629,19077
12.0,1487580005427839846,19476
12.0,1487580005461394279,29029
12.0,1487580005486560104,773
12.0,1487580005511725929,41957
12.0,1487580005528503146,4696
12.0,1487580005553668971,26905
12.0,1487580005570446188,14
12.0,1487580005595612013,128545
12.0,1487580005629166447,561
12.0,1487580005671109489,99608
12.0,1487580005687886706,7
12.0,1487580005713052531,35356
12.0,1487580005754995573,88575
12.0,1487580005796938615,1
12.0,1487580005855658874,8459
12.0,1487580005880824699,14
12.0,1487580005897601916,107
12.0,1487580005922767741,3
12.0,1487580005939544958,5
12.0,1487580005998265217,28
12.0,1487580006015042434,4
12.0,1487580006056985476,2
12.0,1487580006073762693,49
12.0,1487580006098928518,7
12.0,1487580006132482952,7939
12.0,1487580006157648777,14
12.0,1487580006174425994,26
12.0,1487580006199591819,59
12.0,1487580006216369036,2
12.0,1487580006241534861,25
12.0,1487580006300255120,61545
12.0,1487580006317032337,104369
12.0,1487580006350586771,25892
12.0,1487580006409307030,3844
12.0,1487580006434472855,5508
12.0,1487580006451250072,2359
12.0,1487580006484804506,75
12.0,1487580006509970331,7186
12.0,1487580006526747548,2080
12.0,1487580006551913373,9554
12.0,1487580006568690590,485
12.0,1487580006585467807,17
12.0,1487580006610633632,9
12.0,1487580006627410849,2
12.0,1487580006644188066,66
12.0,1487580006711296933,8
12.0,1487580006744851367,1
12.0,1487580006820348840,13
12.0,1487580006845514665,12
12.0,1487580006870680490,12
12.0,1487580006895846315,124
12.0,1487580006937789357,96
12.0,1487580006962955182,13772
12.0,1487580006979732399,12
12.0,1487580007004898224,35
12.0,1487580007021675441,20
12.0,1487580007046841266,22
12.0,1487580007072007091,12
12.0,1487580007097172916,43
12.0,1487580007113950133,3
12.0,1487580007139115958,1
12.0,1487580007172670392,6
12.0,1487580007189447609,31
12.0,1487580007214613434,5
12.0,1487580007256556476,17456
12.0,1487580007281722301,13411
12.0,1487580007306888126,9909
12.0,1487580007365608384,2180
12.0,1487580007399162817,5726
12.0,1487580007432717250,24646
12.0,1487580007457883075,3810
12.0,1487580007483048900,5921
12.0,1487580007508214725,6
12.0,1487580007524991942,1444
12.0,1487580007550157767,2916
12.0,1487580007575323592,11298
12.0,1487580007592100809,4093
12.0,1487580007634043851,19823
12.0,1487580007659209676,4758
12.0,1487580007675986893,217427
12.0,1487580007701152718,300
12.0,1487580007717929935,14337
12.0,1487580007759872977,1124
12.0,1487580007776650194,4275
12.0,1487580007835370453,3337
12.0,1487580007852147670,18009
12.0,1487580007877313495,1373
12.0,1487580007894090712,2970
12.0,1487580007910867929,20755
12.0,1487580007936033754,12348
12.0,1487580007952810971,9089
12.0,1487580007986365405,2065
12.0,1487580008011531230,3547
12.0,1487580008028308447,2807
12.0,1487580008053474272,2795
12.0,1487580008070251489,1109
12.0,1487580008087028706,1120
12.0,1487580008112194531,8027
12.0,1487580008128971748,79
12.0,1487580008145748965,45107
12.0,1487580008162526182,3463
12.0,1487580008187692007,15519
12.0,1487580008204469224,1
12.0,1487580008221246441,14
12.0,1487580008246412266,69207
12.0,1487580008263189483,29420
12.0,1487580008288355308,10787
12.0,1487580008313521133,12072
12.0,1487580008347075566,15628
12.0,1487580008422573041,596
12.0,1487580008447738866,7130
12.0,1487580008472904691,18
12.0,1487580008523236341,7
12.0,1487580008565179383,4
12.0,1487580008590345208,89
12.0,1487580008607122425,193
12.0,1487580008657454075,12364
12.0,1487580008674231292,33
12.0,1487580008699397117,16
12.0,1487580008758116352,3276
12.0,1487580008774893569,3808
12.0,1487580008800059394,14031
12.0,1487580008816836611,2269
12.0,1487580008858779653,32
12.0,1487580008909111303,479
12.0,1487580008925888520,6
12.0,1487580008951054345,1
12.0,1487580008984608779,5042
12.0,1487580009009774604,6
12.0,1487580009026551821,4414
12.0,1487580009051717646,26208
12.0,1487580009076883471,3488
12.0,1487580009118826513,1927
12.0,1487580009143992338,16044
12.0,1487580009177546772,7341
12.0,1487580009202712597,6966
12.0,1487580009227878422,6814
12.0,1487580009261432856,3329
12.0,1487580009286598681,62349
12.0,1487580009311764506,17465
12.0,1487580009336930331,2346
12.0,1487580009362096156,6685
12.0,1487580009387261981,17439
12.0,1487580009445982239,41585
12.0,1487580009471148064,22704
12.0,1487580009496313889,15427
12.0,1487580009521479714,4321
12.0,1487580009546645539,1263
12.0,1487580009571811364,2389
12.0,1487580009605365797,12823
12.0,1487580009622143014,1775
12.0,1487580009647308839,200
12.0,1487580009672474664,1640
12.0,1487580009739583530,162
12.0,1487580009764749355,3
12.0,1487580009798303788,12
12.0,1487580009823469613,74
12.0,1487580009974464562,3
12.0,1487580010049962037,3
12.0,1487580010075127862,33
12.0,1487580010100293687,38685
12.0,1487580010125459512,10481
12.0,1487580010150625337,4
12.0,1487580010192568379,625
12.0,1487580010217734204,1848
12.0,1487580010242900029,2101
12.0,1487580010268065854,1813
12.0,1487580010293231679,1423
12.0,1487580010318397504,4185
12.0,1487580010335174721,1680
12.0,1487580010360340546,53
12.0,1487580010377117763,1313
12.0,1487580010427449413,2
12.0,1487580010561667147,10461
12.0,1487580010603610189,1
12.0,1487580010628776014,11831
12.0,1487580010645553231,12951
12.0,1487580010662330448,632
12.0,1487580010695884882,4954
12.0,1487580010721050707,1876
12.0,1487580010737827924,1426
12.0,1487580010754605141,3246
12.0,1487580010779770966,2855
12.0,1487580010796548183,16724
12.0,1487580010821714008,7764
12.0,1487580010846879833,825
12.0,1487580010872045658,10923
12.0,1487580010922377308,1462
12.0,1487580010955931741,303
12.0,1487580010989486174,9
12.0,1487580011006263391,6
12.0,1487580011031429216,168
12.0,1487580011098538083,1824
12.0,1487580011115315300,2
12.0,1487580011140481125,1
12.0,1487580011157258342,2585
12.0,1487580011182424167,1034
12.0,1487580011199201384,4
12.0,1487580011224367209,3
12.0,1487580011241144426,623
12.0,1487580011283087468,11693
12.0,1487580011308253293,4383
12.0,1487580011333419118,843
12.0,1487580011383750769,17529
12.0,1487580011408916594,76
12.0,1487580011425693811,56
12.0,1487580011476025461,573
12.0,1487580011501191286,1850
12.0,1487580011517968503,1164
12.0,1487580011534745720,5055
12.0,1487580011559911545,4
12.0,1487580011585077370,32851
12.0,1487580011601854587,347
12.0,1487580011627020412,12954
12.0,1487580011652186237,12564
12.0,1487580011677352062,6500
12.0,1487580011702517887,11481
12.0,1487580011752849537,650
12.0,1487580011786403970,512
12.0,1487580011828347011,26
12.0,1487580011853512836,6081
12.0,1487580011903844485,792
12.0,1487580011945787526,448
12.0,1487580011970953351,1363
12.0,1487580011996119176,2794
12.0,1487580012021285001,5566
12.0,1487580012046450826,28
12.0,1487580012071616651,76
12.0,1487580012096782476,24579
12.0,1487580012121948301,2636
12.0,1487580012147114126,136
12.0,1487580012172279951,759
12.0,1487580012205834384,1437
12.0,1487580012231000209,2
12.0,1487580012373606546,4429
12.0,1487580012432326804,1757
12.0,1487580012457492629,729
12.0,1487580012482658454,14
12.0,1487580012507824279,94
12.0,1487580012524601496,2460
12.0,1487580012574933146,4365
12.0,1487580012591710363,2728
12.0,1487580012616876188,410
12.0,1487580012642042013,3437
12.0,1487580012658819230,3
12.0,1487580012683985055,2758
12.0,1487580012717539489,1696
12.0,1487580012734316706,280
12.0,1487580012759482531,51
12.0,1487580012784648356,346
12.0,1487580012809814181,480
12.0,1487580012851757223,1
12.0,1487580012876923048,553
12.0,1487580012902088873,11223
12.0,1487580012927254698,11387
12.0,1487580012952420523,855
12.0,1487580012969197740,6449
12.0,1487580012994363565,7200
12.0,1487580013011140782,10777
12.0,1487580013027917999,5055
12.0,1487580013053083824,9519
12.0,1487580013069861041,14682
12.0,1487580013086638258,2945
12.0,1487580013128581300,1978
12.0,1487580013145358517,3964
12.0,1487580013170524342,4496
12.0,1487580013212467384,2982
12.0,1487580013229244601,5672
12.0,1487580013254410426,2957
12.0,1487580013279576251,9192
12.0,1487580013296353468,2016
12.0,1487580013321519293,1312
12.0,1487580013338296510,1215
12.0,1487580013363462335,1
12.0,1487580013388628160,9071
12.0,1487580013413793985,7024
12.0,1487580013430571202,2276
12.0,1487580013472514244,3552
12.0,1487580013489291461,6378
12.0,1487580013506068678,8859
12.0,1487580013522845895,30300
12.0,1487580013539623112,9732
12.0,1487580013564788937,30
12.0,1487580013581566154,19259
12.0,1487580013615120588,1851
12.0,1487580013640286413,6339
12.0,1487580013657063630,1289
12.0,1487580013690618064,2551
12.0,1487580013732561106,4486
12.0,1487580013749338323,13957
12.0,1487580013782892757,3
12.0,1487580013799669974,1867
12.0,1487580013824835799,3587
12.0,1487580013841613016,86176
12.0,1487580013858390233,13814
12.0,1487580013900333275,1270
12.0,1487580013917110492,1091
12.0,1487580013933887709,157
12.0,1487580013950664926,55258
12.0,1487580013992607968,392
12.0,1487580014009385185,3972
12.0,1487580014042939619,235
12.0,1487580014093271270,232
12.0,1495705810662064688,4756
12.0,1495705810704007729,1536
12.0,1495705810729173554,2219
12.0,1495705810754339379,2
12.0,1511892746070131099,11262
12.0,1516331853567492962,2687
12.0,1525995662934540829,4887
12.0,1526733091857498510,2948
12.0,1532652067498229876,16
12.0,1542195323827388674,7881
12.0,1543705961326182546,18
12.0,1547480590851244887,457
12.0,1554383493545328915,772
12.0,1558526315760452545,1034
12.0,1559261858748170632,542
12.0,1584505206060614455,449
12.0,1588205336064425989,1040
12.0,1597769965795017114,987
12.0,1597770225539875791,5815
12.0,1602943681873052386,117546
12.0,1604427094756950459,633
12.0,1605161575889502297,6425
12.0,1628099626433249931,3
12.0,1638456119066100510,37181
12.0,1645114480121610699,1538
12.0,1648815651034235876,804
12.0,1648815843896722076,7
12.0,1657722039387029886,9
12.0,1658462125284131265,12433
12.0,1660394382047576308,726
12.0,1715102762414375164,938
12.0,1715102773747384334,1236
12.0,1720400165430363096,2336
12.0,1725504706412807026,42
12.0,1752742606699234159,392
12.0,1752742610406999036,11
12.0,1752742615205281895,1996
12.0,1752742617696698537,14
12.0,1759024699007828783,5
12.0,1761186209054327497,1986
12.0,1783999063314661546,26321
12.0,1783999063574708423,27
12.0,1783999064036081896,1493
12.0,1783999064069636330,5170
12.0,1783999064103190764,15837
12.0,1783999064136745198,20851
12.0,1783999064170299632,1193
12.0,1783999067156644376,16505
12.0,1783999067181810204,78
12.0,1783999068867920626,5622
12.0,1783999068909863670,11342
12.0,1783999071199952917,10026
12.0,1783999071325782053,3649
12.0,1783999072332415142,15481
12.0,1783999072365969578,768
12.0,1783999072407912622,594
12.0,1783999073758478650,3277
12.0,1783999073792033086,1158
12.0,1783999076535108182,707
12.0,1783999076551885399,2611
12.0,1791442703716712702,12
12.0,1791442849384891169,264
12.0,1791442895991997390,1099
12.0,1797122099068797194,448
12.0,1801635223591453292,1322
12.0,1804383582576181309,7
12.0,1805953852441101266,4
12.0,1805953965678920077,11
12.0,1810470908326838736,118
12.0,1814592470537732872,1580
12.0,1819693959081886239,5
12.0,1842735758805303837,1898
12.0,1842735760499802745,2340
12.0,1842735764509557576,90
12.0,1842735768846467167,490
12.0,1858245586344477369,1326
12.0,1871018959927509750,1168
12.0,1889472915104072007,412
12.0,1891434214553813877,10188
12.0,1891434351850160381,3310
12.0,1897124469017673788,1674
12.0,1897124478404526487,13187
12.0,1897124489259385629,851
12.0,1897124495995438074,1471
12.0,1911999801088541491,1396
12.0,1911999801642189621,1217
12.0,1911999948073730325,17
12.0,1921723491720102387,3583
12.0,1921723506584715388,695
12.0,1924049106385240809,8622
12.0,1924049110428549877,6389
12.0,1924049287554007223,1
12.0,1926797403503985079,2
12.0,1933364344720982871,2297
12.0,1933472286753424063,2
12.0,1936327050549789532,1
12.0,1937169073007756269,2551
12.0,1944358258223350494,421
12.0,1958278551207674674,2197
12.0,1962525118928257818,86
12.0,1962525126503170858,189
12.0,1977575787259232875,3568
12.0,1977683390215749955,95
12.0,1982860244379763042,2760
12.0,1982860263572898112,3754
12.0,1987724780047958178,31
12.0,1998040849203594085,2705
12.0,1998040850688377703,418
12.0,1998040852064109417,1495
12.0,2007399943458784057,8228
12.0,2013754353822728372,621
12.0,2018287324474901238,642
12.0,2018395024110125980,2105
12.0,2020400296164851991,131
12.0,2022516588854378951,388
12.0,2022622168218599898,20
12.0,2027602240612598357,1
12.0,2028340285225828822,199
12.0,2029082628195353599,3241
12.0,2029731308699124089,1635
12.0,2035665444290953519,2487
12.0,2055161088059638328,4976
12.0,2060156961931919712,62
12.0,2068966806634103136,357
12.0,2069171133327868014,4
12.0,2069804417665728971,4709
12.0,2071303198680810125,200
12.0,2084144451428549153,32289
12.0,2089259162625114209,5133
12.0,2093602042093240877,1296
12.0,2094448780651791052,283
12.0,2095736144888071137,932
12.0,2106514244437541443,670
12.0,2106514244487873093,513
12.0,2114584564549550293,16
12.0,2115334439910245200,24654
12.0,2121383893343929118,565
12.0,2130081478220972046,716
12.0,2134354342373753638,3402
12.0,2140803113261466607,7016
12.0,2141560642253881670,4370
12.0,2145935122136826354,361
12.0,2151191059751764547,1119
12.0,2151191059827262021,166
12.0,2151191070908613477,3574
12.0,2151191070984110951,4491
12.0,2151191071051219817,18467
12.0,2151191071118328683,4761
12.0,2151191071378375538,14216
12.0,2151191075757228942,909
12.0,2154396123597373922,261
12.0,2155132423103316327,126
12.0,2164688961165852944,1498
12.0,2166295400451933025,28
12.0,2177933350667289121,3386
12.0,2187686850687140020,341
12.0,2187790129827939246,1043
12.0,2193074740493550411,644
12.0,2193074740552270669,4748
12.0,2193074740619379535,4488
12.0,2193074740686488401,1345
12.0,2195085255034011676,9634
12.0,2195085255117897760,755
12.0,2195085255176618020,1329
12.0,2195085258179739843,220
12.0,2195085258272014535,3442
12.0,2195085258339123402,87
12.0,2196456817641391019,10481
12.0,2196456817758831535,1282
12.0,2235524494015856752,496
12.0,2235524499636224267,1517
